team_a,team_b,lambda_a,lambda_b,prob_a_win,prob_draw,prob_b_win,most_likely_score,mode_prob
Mexico,South Africa,1.263,0.807,0.4497,0.3178,0.2325,0 - 0,0.1583
Mexico,South Korea,1.076,1.145,0.3273,0.3132,0.3595,0 - 0,0.1405
Mexico,Czechia,1.042,0.915,0.3627,0.3371,0.3002,0 - 0,0.1731
Mexico,Canada,1.057,0.917,0.3669,0.3352,0.2979,0 - 0,0.1707
Mexico,Bosnia and Herzegovina,1.129,0.828,0.4073,0.3336,0.2591,0 - 0,0.1732
Mexico,Qatar,1.119,0.84,0.4016,0.3339,0.2645,0 - 0,0.1728
Mexico,Switzerland,1.003,0.959,0.3425,0.3373,0.3203,0 - 0,0.1724
Mexico,Brazil,0.92,1.018,0.3061,0.3393,0.3545,0 - 0,0.1757
Mexico,Morocco,0.986,0.919,0.3452,0.343,0.3118,0 - 0,0.1804
Mexico,Haiti,1.3,0.803,0.461,0.3132,0.2258,0 - 0,0.1542
Mexico,Scotland,1.068,0.868,0.3805,0.3381,0.2814,0 - 0,0.1761
Mexico,USA,0.971,0.997,0.3252,0.3367,0.3381,0 - 0,0.1715
Mexico,Paraguay,1.112,0.843,0.399,0.3346,0.2664,0 - 0,0.1733
Mexico,Australia,1.171,0.792,0.4277,0.3305,0.2418,0 - 0,0.1724
Mexico,Türkiye,0.974,0.947,0.3361,0.3415,0.3225,0 - 0,0.1781
Mexico,Germany,0.888,1.025,0.295,0.3415,0.3634,0 - 0,0.1794
Mexico,Curaçao,1.228,0.772,0.4486,0.324,0.2274,0 - 0,0.1673
Mexico,Côte d'Ivoire,0.983,0.959,0.3363,0.3394,0.3243,0 - 0,0.1752
Mexico,Ecuador,1.012,0.879,0.3615,0.3439,0.2946,0 - 0,0.1826
Mexico,Netherlands,0.886,1.038,0.292,0.3402,0.3678,0 - 0,0.1778
Mexico,Japan,0.994,0.887,0.3543,0.3452,0.3004,0 - 0,0.1841
Mexico,Sweden,0.99,0.992,0.3318,0.3353,0.3329,0 - 0,0.1695
Mexico,Tunisia,1.14,0.82,0.4123,0.3327,0.255,0 - 0,0.1726
Mexico,Belgium,0.942,0.987,0.3185,0.3407,0.3408,0 - 0,0.177
Mexico,Egypt,1.047,0.88,0.3717,0.3395,0.2888,0 - 0,0.1772
Mexico,IR Iran,1.107,0.883,0.3887,0.3322,0.2792,0 - 0,0.1685
Mexico,New Zealand,1.28,0.758,0.4663,0.3176,0.2161,0 - 0,0.1622
Mexico,Spain,0.805,1.091,0.2586,0.3401,0.4013,0 - 0,0.1817
Mexico,Cabo Verde,1.187,0.776,0.436,0.3294,0.2346,0 - 0,0.1724
Mexico,Saudi Arabia,1.108,0.86,0.3941,0.3338,0.2721,0 - 0,0.1715
Mexico,Uruguay,1.007,0.926,0.35,0.34,0.31,0 - 0,0.1764
Mexico,France,0.855,1.093,0.2731,0.336,0.3909,0 - 0,0.1743
Mexico,Senegal,1.004,1.014,0.3317,0.3318,0.3365,0 - 0,0.1648
Mexico,Iraq,1.119,0.861,0.3968,0.3325,0.2708,0 - 0,0.17
Mexico,Norway,1.042,0.979,0.3496,0.3313,0.319,0 - 0,0.1644
Mexico,Argentina,0.87,1.061,0.2832,0.3388,0.378,0 - 0,0.1768
Mexico,Algeria,1.071,0.916,0.3713,0.3338,0.295,0 - 0,0.169
Mexico,Austria,1.014,0.874,0.3631,0.344,0.2928,0 - 0,0.1829
Mexico,Jordan,1.122,0.852,0.3998,0.3327,0.2675,0 - 0,0.1707
Mexico,Portugal,0.856,1.043,0.2821,0.3422,0.3757,0 - 0,0.1814
Mexico,Congo DR,1.15,0.879,0.402,0.3274,0.2706,0 - 0,0.1634
Mexico,Uzbekistan,1.213,0.769,0.4451,0.3261,0.2288,0 - 0,0.1696
Mexico,Colombia,0.972,0.967,0.3314,0.3396,0.329,0 - 0,0.1755
Mexico,England,0.858,1.079,0.2767,0.3376,0.3858,0 - 0,0.1759
Mexico,Croatia,0.974,0.915,0.3424,0.3448,0.3128,0 - 0,0.1828
Mexico,Ghana,1.112,0.873,0.3922,0.3324,0.2754,0 - 0,0.1692
Mexico,Panama,1.045,0.847,0.3782,0.3426,0.2791,0 - 0,0.1824
South Africa,South Korea,0.912,1.518,0.2249,0.2839,0.4912,0 - 1,0.1217
South Africa,Czechia,0.883,1.213,0.2615,0.3197,0.4188,0 - 0,0.1549
South Africa,Canada,0.897,1.216,0.2649,0.3186,0.4165,0 - 0,0.153
South Africa,Bosnia and Herzegovina,0.957,1.097,0.3024,0.3274,0.3701,0 - 0,0.1601
South Africa,Qatar,0.949,1.114,0.297,0.3263,0.3767,0 - 0,0.1591
South Africa,Switzerland,0.851,1.271,0.2435,0.3146,0.4419,0 - 0,0.1519
South Africa,Brazil,0.781,1.35,0.2127,0.3077,0.4796,0 - 0,0.1509
South Africa,Morocco,0.836,1.219,0.2473,0.3218,0.431,0 - 0,0.1602
South Africa,Haiti,1.102,1.065,0.3499,0.318,0.3321,0 - 0,0.1466
South Africa,Scotland,0.905,1.151,0.2782,0.3255,0.3963,0 - 0,0.16
South Africa,USA,0.823,1.322,0.2283,0.3096,0.4621,0 - 0,0.1491
South Africa,Paraguay,0.943,1.118,0.2947,0.3263,0.379,0 - 0,0.1593
South Africa,Australia,0.993,1.05,0.3215,0.3293,0.3491,0 - 0,0.1617
South Africa,Türkiye,0.826,1.256,0.2388,0.3177,0.4435,0 - 0,0.1567
South Africa,Germany,0.753,1.359,0.2039,0.3074,0.4887,0 - 0,0.1532
South Africa,Curaçao,1.041,1.024,0.3406,0.3273,0.3321,0 - 0,0.1588
South Africa,Côte d'Ivoire,0.834,1.271,0.2386,0.3154,0.446,0 - 0,0.154
South Africa,Ecuador,0.858,1.165,0.2621,0.327,0.4109,0 - 0,0.1642
South Africa,Netherlands,0.751,1.376,0.2011,0.3052,0.4937,0 - 0,0.1513
South Africa,Japan,0.843,1.176,0.2559,0.3267,0.4173,0 - 0,0.1648
South Africa,Sweden,0.84,1.316,0.2337,0.3096,0.4566,0 - 0,0.1479
South Africa,Tunisia,0.967,1.087,0.3071,0.3277,0.3653,0 - 0,0.1602
South Africa,Belgium,0.799,1.308,0.2235,0.3123,0.4642,0 - 0,0.1537
South Africa,Egypt,0.888,1.167,0.2704,0.3248,0.4048,0 - 0,0.1601
South Africa,IR Iran,0.939,1.171,0.2843,0.3208,0.3949,0 - 0,0.1532
South Africa,New Zealand,1.086,1.006,0.3569,0.3246,0.3185,0 - 0,0.1555
South Africa,Spain,0.683,1.447,0.1742,0.297,0.5288,0 - 1,0.1567
South Africa,Cabo Verde,1.006,1.028,0.3295,0.3302,0.3403,0 - 0,0.1627
South Africa,Saudi Arabia,0.94,1.141,0.2898,0.3241,0.386,0 - 0,0.1569
South Africa,Uruguay,0.854,1.228,0.2508,0.3196,0.4296,0 - 0,0.1567
South Africa,France,0.725,1.45,0.185,0.2961,0.519,0 - 1,0.15
South Africa,Senegal,0.852,1.345,0.2328,0.3057,0.4615,0 - 0,0.1433
South Africa,Iraq,0.948,1.142,0.292,0.3233,0.3847,0 - 0,0.1556
South Africa,Norway,0.884,1.298,0.2485,0.3097,0.4418,0 - 0,0.1449
South Africa,Argentina,0.738,1.407,0.1936,0.3015,0.5049,0 - 1,0.1497
South Africa,Algeria,0.908,1.214,0.2686,0.3181,0.4134,0 - 0,0.1518
South Africa,Austria,0.86,1.159,0.2636,0.3277,0.4087,0 - 0,0.1648
South Africa,Jordan,0.951,1.13,0.2949,0.3244,0.3807,0 - 0,0.1567
South Africa,Portugal,0.726,1.383,0.1933,0.305,0.5017,0 - 0,0.1536
South Africa,Congo DR,0.975,1.165,0.2956,0.3189,0.3855,0 - 0,0.1496
South Africa,Uzbekistan,1.029,1.02,0.3377,0.3289,0.3334,0 - 0,0.1609
South Africa,Colombia,0.824,1.283,0.2343,0.3144,0.4513,0 - 0,0.1537
South Africa,England,0.728,1.43,0.1881,0.2986,0.5133,0 - 1,0.1503
South Africa,Croatia,0.826,1.213,0.2452,0.3231,0.4318,0 - 0,0.1622
South Africa,Ghana,0.943,1.158,0.2877,0.322,0.3903,0 - 0,0.1544
South Africa,Panama,0.886,1.123,0.2772,0.3301,0.3927,0 - 0,0.166
South Korea,Czechia,1.252,1.034,0.397,0.3061,0.2969,0 - 0,0.1336
South Korea,Canada,1.271,1.036,0.4016,0.3041,0.2943,0 - 0,0.1314
South Korea,Bosnia and Herzegovina,1.357,0.935,0.4458,0.3006,0.2536,0 - 0,0.133
South Korea,Qatar,1.346,0.95,0.4395,0.3012,0.2592,0 - 0,0.1327
South Korea,Switzerland,1.207,1.083,0.3748,0.307,0.3182,0 - 0,0.1332
South Korea,Brazil,1.107,1.15,0.3348,0.3103,0.3549,0 - 0,0.1366
South Korea,Morocco,1.186,1.039,0.3781,0.3122,0.3097,0 - 0,0.1402
South Korea,Haiti,1.563,0.907,0.5032,0.2791,0.2177,1 - 0,0.1207
South Korea,Scotland,1.284,0.981,0.4166,0.3061,0.2772,0 - 0,0.1359
South Korea,USA,1.168,1.127,0.3558,0.3072,0.3371,0 - 0,0.1327
South Korea,Paraguay,1.337,0.953,0.4367,0.302,0.2613,0 - 0,0.1332
South Korea,Australia,1.408,0.895,0.4679,0.2967,0.2354,0 - 0,0.132
South Korea,Türkiye,1.172,1.07,0.3679,0.3112,0.3209,0 - 0,0.1382
South Korea,Germany,1.067,1.158,0.3226,0.3127,0.3647,0 - 0,0.1401
South Korea,Curaçao,1.477,0.872,0.4903,0.2896,0.2201,1 - 0,0.1282
South Korea,Côte d'Ivoire,1.182,1.083,0.3681,0.3093,0.3227,0 - 0,0.1358
South Korea,Ecuador,1.217,0.993,0.396,0.3123,0.2917,0 - 0,0.1418
South Korea,Netherlands,1.065,1.173,0.3193,0.3115,0.3693,0 - 0,0.1387
South Korea,Japan,1.195,1.002,0.3882,0.3139,0.2979,0 - 0,0.1432
South Korea,Sweden,1.191,1.121,0.363,0.3056,0.3314,0 - 0,0.1309
South Korea,Tunisia,1.371,0.927,0.4512,0.2995,0.2493,0 - 0,0.1324
South Korea,Belgium,1.133,1.115,0.3485,0.3111,0.3404,0 - 0,0.1376
South Korea,Egypt,1.259,0.995,0.407,0.3079,0.2851,0 - 0,0.137
South Korea,IR Iran,1.331,0.998,0.4253,0.3003,0.2744,0 - 0,0.1292
South Korea,New Zealand,1.54,0.857,0.5092,0.2827,0.2081,1 - 0,0.1279
South Korea,Spain,0.968,1.233,0.2822,0.3122,0.4056,0 - 0,0.1427
South Korea,Cabo Verde,1.427,0.876,0.4769,0.2952,0.228,0 - 0,0.1319
South Korea,Saudi Arabia,1.333,0.972,0.4313,0.3015,0.2672,0 - 0,0.1317
South Korea,Uruguay,1.211,1.047,0.3832,0.3092,0.3076,0 - 0,0.1366
South Korea,France,1.028,1.236,0.2981,0.3081,0.3937,0 - 0,0.136
South Korea,Senegal,1.208,1.146,0.3628,0.3024,0.3349,1 - 1,0.1286
South Korea,Iraq,1.345,0.973,0.4342,0.3002,0.2657,0 - 0,0.1303
South Korea,Norway,1.253,1.106,0.3825,0.3013,0.3163,1 - 1,0.1281
South Korea,Argentina,1.046,1.199,0.3094,0.3104,0.3802,0 - 0,0.1379
South Korea,Algeria,1.288,1.035,0.4063,0.3026,0.2911,0 - 0,0.1299
South Korea,Austria,1.219,0.988,0.3978,0.3124,0.2898,0 - 0,0.1421
South Korea,Jordan,1.349,0.963,0.4375,0.3002,0.2623,0 - 0,0.1309
South Korea,Portugal,1.029,1.178,0.3083,0.3136,0.3781,0 - 0,0.142
South Korea,Congo DR,1.383,0.993,0.4397,0.2953,0.265,1 - 1,0.1253
South Korea,Uzbekistan,1.459,0.869,0.4866,0.2917,0.2217,0 - 0,0.1294
South Korea,Colombia,1.169,1.093,0.3627,0.3097,0.3277,0 - 0,0.1361
South Korea,England,1.032,1.219,0.3022,0.3095,0.3884,0 - 0,0.1373
South Korea,Croatia,1.171,1.034,0.3751,0.314,0.311,0 - 0,0.1423
South Korea,Ghana,1.337,0.987,0.4292,0.3003,0.2705,0 - 0,0.1298
South Korea,Panama,1.257,0.957,0.4144,0.3104,0.2753,0 - 0,0.1413
Czechia,Canada,1.016,1.003,0.3374,0.3317,0.3309,0 - 0,0.1647
Czechia,Bosnia and Herzegovina,1.085,0.905,0.3774,0.3331,0.2895,0 - 0,0.1686
Czechia,Qatar,1.075,0.919,0.3717,0.333,0.2953,0 - 0,0.1679
Czechia,Switzerland,0.964,1.049,0.3135,0.332,0.3545,0 - 0,0.1655
Czechia,Brazil,0.885,1.114,0.2784,0.3313,0.3902,0 - 0,0.1675
Czechia,Morocco,0.948,1.005,0.3167,0.3381,0.3452,0 - 0,0.1736
Czechia,Haiti,1.249,0.878,0.4298,0.3157,0.2544,0 - 0,0.1512
Czechia,Scotland,1.026,0.949,0.351,0.3357,0.3132,0 - 0,0.1705
Czechia,USA,0.933,1.091,0.2967,0.3301,0.3732,0 - 0,0.164
Czechia,Paraguay,1.069,0.922,0.3692,0.3334,0.2974,0 - 0,0.1684
Czechia,Australia,1.125,0.866,0.3977,0.3313,0.271,0 - 0,0.1684
Czechia,Türkiye,0.937,1.036,0.3076,0.3358,0.3566,0 - 0,0.1709
Czechia,Germany,0.853,1.121,0.2679,0.3328,0.3993,0 - 0,0.1708
Czechia,Curaçao,1.18,0.845,0.4183,0.326,0.2557,0 - 0,0.164
Czechia,Côte d'Ivoire,0.945,1.049,0.3077,0.3337,0.3586,0 - 0,0.1681
Czechia,Ecuador,0.973,0.961,0.3327,0.3402,0.3271,0 - 0,0.1763
Czechia,Netherlands,0.851,1.135,0.2649,0.3312,0.4039,0 - 0,0.1691
Czechia,Japan,0.955,0.97,0.3258,0.3411,0.3331,0 - 0,0.1776
Czechia,Sweden,0.952,1.086,0.303,0.3291,0.3679,0 - 0,0.1623
Czechia,Tunisia,1.096,0.897,0.3824,0.3324,0.2852,0 - 0,0.1682
Czechia,Belgium,0.905,1.079,0.2905,0.3337,0.3759,0 - 0,0.1693
Czechia,Egypt,1.006,0.963,0.3425,0.3365,0.321,0 - 0,0.1714
Czechia,IR Iran,1.064,0.966,0.3587,0.3302,0.3112,0 - 0,0.1632
Czechia,New Zealand,1.231,0.83,0.4357,0.3207,0.2436,0 - 0,0.1595
Czechia,Spain,0.774,1.194,0.2331,0.3285,0.4384,0 - 0,0.1717
Czechia,Cabo Verde,1.14,0.848,0.406,0.3307,0.2633,0 - 0,0.1687
Czechia,Saudi Arabia,1.065,0.941,0.3642,0.3323,0.3035,0 - 0,0.1664
Czechia,Uruguay,0.968,1.013,0.3211,0.3353,0.3436,0 - 0,0.1698
Czechia,France,0.822,1.196,0.2466,0.3255,0.428,0 - 0,0.1649
Czechia,Senegal,0.965,1.109,0.3026,0.3255,0.3719,0 - 0,0.1576
Czechia,Iraq,1.075,0.942,0.3668,0.3311,0.3022,0 - 0,0.1649
Czechia,Norway,1.001,1.071,0.3201,0.3264,0.3535,0 - 0,0.1579
Czechia,Argentina,0.836,1.161,0.2564,0.329,0.4146,0 - 0,0.1677
Czechia,Algeria,1.03,1.002,0.3416,0.3305,0.3279,0 - 0,0.1631
Czechia,Austria,0.975,0.956,0.3343,0.3405,0.3251,0 - 0,0.1768
Czechia,Jordan,1.078,0.933,0.3698,0.3315,0.2987,0 - 0,0.1658
Czechia,Portugal,0.822,1.141,0.2555,0.3325,0.412,0 - 0,0.1723
Czechia,Congo DR,1.105,0.961,0.3715,0.3262,0.3022,0 - 0,0.1586
Czechia,Uzbekistan,1.166,0.841,0.4149,0.328,0.2571,0 - 0,0.1663
Czechia,Colombia,0.934,1.058,0.3029,0.3336,0.3636,0 - 0,0.1682
Czechia,England,0.825,1.18,0.2501,0.3273,0.4226,0 - 0,0.1666
Czechia,Croatia,0.936,1.001,0.3141,0.3397,0.3462,0 - 0,0.1759
Czechia,Ghana,1.069,0.955,0.3622,0.3306,0.3072,0 - 0,0.1641
Czechia,Panama,1.004,0.927,0.3492,0.3402,0.3106,0 - 0,0.1767
Canada,Bosnia and Herzegovina,1.087,0.919,0.3751,0.3317,0.2932,0 - 0,0.1665
Canada,Qatar,1.077,0.933,0.3694,0.3316,0.299,0 - 0,0.1658
Canada,Switzerland,0.966,1.064,0.3111,0.3302,0.3587,0 - 0,0.1632
Canada,Brazil,0.886,1.13,0.2761,0.3292,0.3947,0 - 0,0.1651
Canada,Morocco,0.949,1.021,0.3143,0.3363,0.3493,0 - 0,0.1713
Canada,Haiti,1.252,0.891,0.4275,0.3147,0.2578,0 - 0,0.1494
Canada,Scotland,1.028,0.964,0.3487,0.3342,0.3171,0 - 0,0.1683
Canada,USA,0.935,1.107,0.2943,0.3281,0.3776,0 - 0,0.1617
Canada,Paraguay,1.071,0.936,0.3669,0.332,0.3011,0 - 0,0.1663
Canada,Australia,1.127,0.879,0.3954,0.3301,0.2745,0 - 0,0.1664
Canada,Türkiye,0.938,1.052,0.3052,0.334,0.3608,0 - 0,0.1686
Canada,Germany,0.855,1.138,0.2656,0.3306,0.4038,0 - 0,0.1683
Canada,Curaçao,1.183,0.857,0.416,0.325,0.259,0 - 0,0.1621
Canada,Côte d'Ivoire,0.946,1.065,0.3053,0.3319,0.3629,0 - 0,0.1658
Canada,Ecuador,0.974,0.976,0.3304,0.3386,0.331,0 - 0,0.1741
Canada,Netherlands,0.853,1.152,0.2626,0.3289,0.4085,0 - 0,0.1666
Canada,Japan,0.957,0.985,0.3235,0.3394,0.3371,0 - 0,0.1752
Canada,Sweden,0.954,1.102,0.3006,0.3272,0.3722,0 - 0,0.16
Canada,Tunisia,1.098,0.911,0.3801,0.3311,0.2888,0 - 0,0.1661
Canada,Belgium,0.907,1.096,0.2881,0.3317,0.3802,0 - 0,0.1669
Canada,Egypt,1.008,0.977,0.3401,0.3349,0.3249,0 - 0,0.1691
Canada,IR Iran,1.066,0.981,0.3563,0.3287,0.315,0 - 0,0.1611
Canada,New Zealand,1.233,0.842,0.4335,0.3197,0.2468,0 - 0,0.1576
Canada,Spain,0.776,1.212,0.2308,0.326,0.4431,0 - 0,0.169
Canada,Cabo Verde,1.143,0.861,0.4037,0.3296,0.2667,0 - 0,0.1668
Canada,Saudi Arabia,1.067,0.955,0.3619,0.3308,0.3073,0 - 0,0.1643
Canada,Uruguay,0.97,1.029,0.3187,0.3336,0.3477,0 - 0,0.1675
Canada,France,0.823,1.214,0.2442,0.3231,0.4327,0 - 0,0.1624
Canada,Senegal,0.967,1.126,0.3002,0.3236,0.3763,0 - 0,0.1553
Canada,Iraq,1.077,0.956,0.3644,0.3297,0.3059,0 - 0,0.1628
Canada,Norway,1.003,1.087,0.3176,0.3246,0.3577,0 - 0,0.1556
Canada,Argentina,0.838,1.178,0.254,0.3268,0.4192,0 - 0,0.1652
Canada,Algeria,1.032,1.017,0.3392,0.3289,0.3319,0 - 0,0.161
Canada,Austria,0.977,0.971,0.332,0.3389,0.3291,0 - 0,0.1745
Canada,Jordan,1.08,0.947,0.3674,0.3301,0.3024,0 - 0,0.1637
Canada,Portugal,0.824,1.158,0.2532,0.3302,0.4166,0 - 0,0.1697
Canada,Congo DR,1.108,0.976,0.3691,0.3249,0.306,0 - 0,0.1565
Canada,Uzbekistan,1.168,0.854,0.4127,0.3269,0.2604,0 - 0,0.1643
Canada,Colombia,0.936,1.074,0.3005,0.3317,0.3678,0 - 0,0.1659
Canada,England,0.827,1.198,0.2478,0.325,0.4273,0 - 0,0.1641
Canada,Croatia,0.938,1.016,0.3117,0.3379,0.3503,0 - 0,0.1735
Canada,Ghana,1.071,0.97,0.3598,0.3292,0.311,0 - 0,0.1619
Canada,Panama,1.006,0.941,0.3469,0.3387,0.3144,0 - 0,0.1745
Bosnia and Herzegovina,Qatar,0.973,0.996,0.3259,0.3367,0.3375,0 - 0,0.1715
Bosnia and Herzegovina,Switzerland,0.872,1.136,0.271,0.3296,0.3995,0 - 0,0.1661
Bosnia and Herzegovina,Brazil,0.8,1.207,0.2387,0.3253,0.436,0 - 0,0.1664
Bosnia and Herzegovina,Morocco,0.857,1.09,0.2744,0.3363,0.3893,0 - 0,0.1746
Bosnia and Herzegovina,Haiti,1.13,0.952,0.3805,0.3244,0.2951,0 - 0,0.1568
Bosnia and Herzegovina,Scotland,0.928,1.029,0.3064,0.3374,0.3561,0 - 0,0.1731
Bosnia and Herzegovina,USA,0.844,1.182,0.2553,0.3258,0.4189,0 - 0,0.1638
Bosnia and Herzegovina,Paraguay,0.967,1.0,0.3235,0.3369,0.3396,0 - 0,0.1718
Bosnia and Herzegovina,Australia,1.018,0.938,0.3507,0.3377,0.3116,0 - 0,0.1732
Bosnia and Herzegovina,Türkiye,0.847,1.123,0.2658,0.333,0.4012,0 - 0,0.1714
Bosnia and Herzegovina,Germany,0.772,1.215,0.2292,0.3258,0.4449,0 - 0,0.1692
Bosnia and Herzegovina,Curaçao,1.067,0.915,0.3703,0.3342,0.2955,0 - 0,0.1696
Bosnia and Herzegovina,Côte d'Ivoire,0.854,1.137,0.2657,0.3308,0.4035,0 - 0,0.1685
Bosnia and Herzegovina,Ecuador,0.88,1.042,0.2895,0.3403,0.3702,0 - 0,0.1781
Bosnia and Herzegovina,Netherlands,0.77,1.23,0.2264,0.3238,0.4497,0 - 0,0.1673
Bosnia and Herzegovina,Japan,0.864,1.051,0.2831,0.3405,0.3764,0 - 0,0.179
Bosnia and Herzegovina,Sweden,0.861,1.176,0.261,0.3255,0.4135,0 - 0,0.1624
Bosnia and Herzegovina,Tunisia,0.991,0.972,0.3361,0.3372,0.3267,0 - 0,0.1722
Bosnia and Herzegovina,Belgium,0.819,1.17,0.2499,0.329,0.4211,0 - 0,0.1688
Bosnia and Herzegovina,Egypt,0.91,1.043,0.2984,0.3374,0.3642,0 - 0,0.1735
Bosnia and Herzegovina,IR Iran,0.962,1.047,0.3132,0.3323,0.3545,0 - 0,0.166
Bosnia and Herzegovina,New Zealand,1.113,0.899,0.3869,0.3303,0.2828,0 - 0,0.1657
Bosnia and Herzegovina,Spain,0.7,1.293,0.1977,0.318,0.4843,0 - 0,0.1682
Bosnia and Herzegovina,Cabo Verde,1.031,0.919,0.3587,0.3379,0.3034,0 - 0,0.1739
Bosnia and Herzegovina,Saudi Arabia,0.963,1.02,0.3186,0.3351,0.3463,0 - 0,0.1695
Bosnia and Herzegovina,Uruguay,0.875,1.098,0.2783,0.3339,0.3878,0 - 0,0.1708
Bosnia and Herzegovina,France,0.743,1.296,0.2095,0.3161,0.4744,0 - 0,0.1622
Bosnia and Herzegovina,Senegal,0.873,1.202,0.2604,0.3216,0.418,0 - 0,0.1576
Bosnia and Herzegovina,Iraq,0.972,1.021,0.321,0.3341,0.3449,0 - 0,0.1681
Bosnia and Herzegovina,Norway,0.906,1.161,0.2766,0.3243,0.3991,0 - 0,0.1587
Bosnia and Herzegovina,Argentina,0.756,1.258,0.2186,0.3208,0.4607,0 - 0,0.1655
Bosnia and Herzegovina,Algeria,0.931,1.085,0.297,0.3309,0.3721,0 - 0,0.1651
Bosnia and Herzegovina,Austria,0.881,1.036,0.2911,0.3407,0.3682,0 - 0,0.1787
Bosnia and Herzegovina,Jordan,0.975,1.011,0.3239,0.3349,0.3412,0 - 0,0.1691
Bosnia and Herzegovina,Portugal,0.744,1.236,0.218,0.3243,0.4577,0 - 0,0.17
Bosnia and Herzegovina,Congo DR,1.0,1.042,0.3251,0.3295,0.3455,0 - 0,0.1618
Bosnia and Herzegovina,Uzbekistan,1.055,0.912,0.3672,0.3359,0.2969,0 - 0,0.1718
Bosnia and Herzegovina,Colombia,0.845,1.147,0.2613,0.3302,0.4086,0 - 0,0.1683
Bosnia and Herzegovina,England,0.746,1.279,0.2128,0.3184,0.4688,0 - 0,0.1641
Bosnia and Herzegovina,Croatia,0.847,1.085,0.2721,0.3378,0.3901,0 - 0,0.1767
Bosnia and Herzegovina,Ghana,0.966,1.035,0.3166,0.3332,0.3502,0 - 0,0.167
Bosnia and Herzegovina,Panama,0.908,1.004,0.3051,0.342,0.3529,0 - 0,0.1794
Qatar,Switzerland,0.886,1.126,0.2765,0.3297,0.3937,0 - 0,0.1657
Qatar,Brazil,0.812,1.196,0.2439,0.326,0.4302,0 - 0,0.1661
Qatar,Morocco,0.87,1.08,0.2799,0.3364,0.3836,0 - 0,0.174
Qatar,Haiti,1.147,0.943,0.3872,0.3231,0.2897,0 - 0,0.1556
Qatar,Scotland,0.942,1.02,0.3124,0.3371,0.3506,0 - 0,0.1724
Qatar,USA,0.857,1.172,0.2607,0.3263,0.4131,0 - 0,0.1634
Qatar,Paraguay,0.982,0.991,0.3296,0.3363,0.3341,0 - 0,0.1709
Qatar,Australia,1.033,0.93,0.357,0.3367,0.3063,0 - 0,0.1722
Qatar,Türkiye,0.86,1.113,0.2713,0.3332,0.3955,0 - 0,0.1709
Qatar,Germany,0.783,1.204,0.2343,0.3266,0.4392,0 - 0,0.169
Qatar,Curaçao,1.084,0.907,0.3767,0.333,0.2903,0 - 0,0.1684
Qatar,Côte d'Ivoire,0.868,1.127,0.2712,0.331,0.3978,0 - 0,0.168
Qatar,Ecuador,0.893,1.033,0.2953,0.3401,0.3646,0 - 0,0.1775
Qatar,Netherlands,0.782,1.22,0.2314,0.3246,0.4439,0 - 0,0.1671
Qatar,Japan,0.877,1.042,0.2888,0.3404,0.3708,0 - 0,0.1784
Qatar,Sweden,0.874,1.166,0.2665,0.3258,0.4077,0 - 0,0.162
Qatar,Tunisia,1.006,0.964,0.3423,0.3365,0.3213,0 - 0,0.1713
Qatar,Belgium,0.831,1.16,0.2552,0.3295,0.4154,0 - 0,0.1685
Qatar,Egypt,0.924,1.034,0.3042,0.3371,0.3586,0 - 0,0.1729
Qatar,IR Iran,0.977,1.038,0.3192,0.3319,0.3489,0 - 0,0.1652
Qatar,New Zealand,1.13,0.891,0.3935,0.3289,0.2776,0 - 0,0.1644
Qatar,Spain,0.711,1.282,0.2023,0.3192,0.4785,0 - 0,0.1683
Qatar,Cabo Verde,1.047,0.911,0.3651,0.3368,0.2981,0 - 0,0.1728
Qatar,Saudi Arabia,0.978,1.011,0.3247,0.3346,0.3407,0 - 0,0.1687
Qatar,Uruguay,0.889,1.089,0.2839,0.3339,0.3821,0 - 0,0.1703
Qatar,France,0.754,1.285,0.2143,0.3172,0.4685,0 - 0,0.1622
Qatar,Senegal,0.886,1.192,0.2659,0.322,0.4121,0 - 0,0.1572
Qatar,Iraq,0.987,1.012,0.3271,0.3336,0.3393,0 - 0,0.1673
Qatar,Norway,0.92,1.151,0.2823,0.3245,0.3932,0 - 0,0.1582
Qatar,Argentina,0.768,1.247,0.2234,0.3217,0.4548,0 - 0,0.1654
Qatar,Algeria,0.945,1.076,0.3029,0.3307,0.3664,0 - 0,0.1644
Qatar,Austria,0.895,1.027,0.2968,0.3406,0.3626,0 - 0,0.178
Qatar,Jordan,0.99,1.002,0.33,0.3344,0.3356,0 - 0,0.1683
Qatar,Portugal,0.755,1.225,0.2229,0.3252,0.4519,0 - 0,0.1699
Qatar,Congo DR,1.015,1.033,0.3313,0.3289,0.3398,0 - 0,0.161
Qatar,Uzbekistan,1.071,0.904,0.3736,0.3348,0.2916,0 - 0,0.1706
Qatar,Colombia,0.858,1.137,0.2667,0.3305,0.4028,0 - 0,0.1679
Qatar,England,0.758,1.268,0.2176,0.3194,0.463,0 - 0,0.164
Qatar,Croatia,0.86,1.075,0.2776,0.3379,0.3845,0 - 0,0.1762
Qatar,Ghana,0.981,1.026,0.3226,0.3327,0.3446,0 - 0,0.1662
Qatar,Panama,0.922,0.996,0.3109,0.3416,0.3474,0 - 0,0.1786
Switzerland,Brazil,0.927,1.073,0.2979,0.3327,0.3694,0 - 0,0.1673
Switzerland,Morocco,0.993,0.969,0.3372,0.3374,0.3254,0 - 0,0.1725
Switzerland,Haiti,1.309,0.846,0.4532,0.3103,0.2365,0 - 0,0.1481
Switzerland,Scotland,1.075,0.914,0.3725,0.3334,0.294,0 - 0,0.1687
Switzerland,USA,0.978,1.051,0.3169,0.3306,0.3526,0 - 0,0.1635
Switzerland,Paraguay,1.12,0.889,0.3911,0.3303,0.2786,0 - 0,0.1662
Switzerland,Australia,1.178,0.834,0.4201,0.3269,0.253,0 - 0,0.1656
Switzerland,Türkiye,0.981,0.998,0.3279,0.3356,0.3364,0 - 0,0.17
Switzerland,Germany,0.894,1.08,0.2869,0.3346,0.3785,0 - 0,0.1708
Switzerland,Curaçao,1.236,0.814,0.4411,0.3208,0.2381,0 - 0,0.1608
Switzerland,Côte d'Ivoire,0.989,1.01,0.3281,0.3336,0.3383,0 - 0,0.1672
Switzerland,Ecuador,1.019,0.926,0.3536,0.3387,0.3077,0 - 0,0.1748
Switzerland,Netherlands,0.891,1.094,0.2839,0.3331,0.383,0 - 0,0.1692
Switzerland,Japan,1.001,0.934,0.3465,0.3399,0.3136,0 - 0,0.1762
Switzerland,Sweden,0.997,1.046,0.3235,0.3293,0.3472,0 - 0,0.1616
Switzerland,Tunisia,1.148,0.864,0.4046,0.3287,0.2667,0 - 0,0.1656
Switzerland,Belgium,0.948,1.04,0.3104,0.3344,0.3553,0 - 0,0.1688
Switzerland,Egypt,1.054,0.928,0.3637,0.3346,0.3016,0 - 0,0.1697
Switzerland,IR Iran,1.115,0.931,0.3806,0.3277,0.2918,0 - 0,0.1613
Switzerland,New Zealand,1.289,0.799,0.4588,0.3148,0.2264,0 - 0,0.156
Switzerland,Spain,0.811,1.15,0.2507,0.332,0.4173,0 - 0,0.1726
Switzerland,Cabo Verde,1.194,0.817,0.4285,0.3259,0.2456,0 - 0,0.1657
Switzerland,Saudi Arabia,1.116,0.906,0.3861,0.3294,0.2845,0 - 0,0.1643
Switzerland,Uruguay,1.014,0.976,0.3419,0.3345,0.3236,0 - 0,0.1686
Switzerland,France,0.861,1.152,0.2649,0.3284,0.4067,0 - 0,0.1656
Switzerland,Senegal,1.011,1.069,0.3232,0.3258,0.351,0 - 0,0.157
Switzerland,Iraq,1.126,0.908,0.3888,0.3282,0.2831,0 - 0,0.1628
Switzerland,Norway,1.049,1.032,0.3412,0.3258,0.333,0 - 0,0.1568
Switzerland,Argentina,0.876,1.118,0.275,0.3315,0.3935,0 - 0,0.1681
Switzerland,Algeria,1.078,0.965,0.3631,0.3288,0.3081,0 - 0,0.1616
Switzerland,Austria,1.021,0.921,0.3553,0.3389,0.3058,0 - 0,0.1752
Switzerland,Jordan,1.129,0.898,0.3918,0.3284,0.2797,0 - 0,0.1636
Switzerland,Portugal,0.861,1.099,0.274,0.3349,0.3911,0 - 0,0.1726
Switzerland,Congo DR,1.158,0.926,0.3938,0.3232,0.2829,0 - 0,0.1565
Switzerland,Uzbekistan,1.221,0.811,0.4376,0.3229,0.2395,0 - 0,0.1631
Switzerland,Colombia,0.979,1.02,0.3232,0.3337,0.3432,0 - 0,0.1675
Switzerland,England,0.864,1.137,0.2685,0.3301,0.4014,0 - 0,0.1671
Switzerland,Croatia,0.98,0.964,0.3345,0.3391,0.3264,0 - 0,0.1748
Switzerland,Ghana,1.119,0.92,0.3841,0.3279,0.2879,0 - 0,0.162
Switzerland,Panama,1.052,0.893,0.3705,0.3379,0.2916,0 - 0,0.1748
Brazil,Morocco,1.054,0.888,0.372,0.338,0.29,0 - 0,0.1751
Brazil,Haiti,1.39,0.776,0.4911,0.3027,0.2062,0 - 0,0.1468
Brazil,Scotland,1.142,0.839,0.4085,0.3312,0.2603,0 - 0,0.1699
Brazil,USA,1.038,0.964,0.3516,0.3331,0.3153,0 - 0,0.1669
Brazil,Paraguay,1.189,0.815,0.4275,0.3267,0.2458,0 - 0,0.1667
Brazil,Australia,1.252,0.765,0.4568,0.3212,0.2221,0 - 0,0.1651
Brazil,Türkiye,1.042,0.916,0.3626,0.3371,0.3003,0 - 0,0.173
Brazil,Germany,0.949,0.99,0.3199,0.3396,0.3405,0 - 0,0.1755
Brazil,Curaçao,1.313,0.746,0.4781,0.3137,0.2082,0 - 0,0.1597
Brazil,Côte d'Ivoire,1.051,0.927,0.363,0.3351,0.302,0 - 0,0.1702
Brazil,Ecuador,1.082,0.849,0.3887,0.3379,0.2734,0 - 0,0.1767
Brazil,Netherlands,0.947,1.003,0.3168,0.3384,0.3448,0 - 0,0.174
Brazil,Japan,1.063,0.857,0.3813,0.3396,0.2791,0 - 0,0.1784
Brazil,Sweden,1.059,0.959,0.3585,0.3314,0.3101,0 - 0,0.1648
Brazil,Tunisia,1.219,0.793,0.4411,0.3241,0.2347,0 - 0,0.1657
Brazil,Belgium,1.007,0.954,0.3445,0.3373,0.3182,0 - 0,0.1725
Brazil,Egypt,1.12,0.851,0.3994,0.3331,0.2675,0 - 0,0.1713
Brazil,IR Iran,1.184,0.854,0.4171,0.325,0.2579,0 - 0,0.1623
Brazil,New Zealand,1.369,0.733,0.4962,0.3066,0.1972,0 - 0,0.1544
Brazil,Spain,0.861,1.055,0.2816,0.3403,0.3781,0 - 0,0.1789
Brazil,Cabo Verde,1.269,0.75,0.4652,0.3196,0.2152,0 - 0,0.1649
Brazil,Saudi Arabia,1.185,0.831,0.4225,0.3263,0.2512,0 - 0,0.1651
Brazil,Uruguay,1.077,0.896,0.3771,0.3348,0.2881,0 - 0,0.171
Brazil,France,0.914,1.057,0.2971,0.3355,0.3674,0 - 0,0.1712
Brazil,Senegal,1.074,0.98,0.3585,0.328,0.3135,0 - 0,0.1602
Brazil,Iraq,1.196,0.833,0.4253,0.3248,0.2498,0 - 0,0.1635
Brazil,Norway,1.114,0.946,0.3771,0.3265,0.2964,0 - 0,0.1594
Brazil,Argentina,0.93,1.026,0.3076,0.3376,0.3548,0 - 0,0.1733
Brazil,Algeria,1.145,0.885,0.3993,0.3276,0.2732,0 - 0,0.1633
Brazil,Austria,1.084,0.845,0.3904,0.3379,0.2717,0 - 0,0.177
Brazil,Jordan,1.2,0.824,0.4284,0.3249,0.2467,0 - 0,0.1642
Brazil,Portugal,0.915,1.008,0.3063,0.341,0.3528,0 - 0,0.1779
Brazil,Congo DR,1.23,0.85,0.4309,0.3197,0.2494,0 - 0,0.1571
Brazil,Uzbekistan,1.297,0.744,0.4745,0.3159,0.2095,0 - 0,0.162
Brazil,Colombia,1.039,0.935,0.3578,0.3356,0.3066,0 - 0,0.1707
Brazil,England,0.918,1.043,0.3008,0.3368,0.3624,0 - 0,0.1726
Brazil,Croatia,1.041,0.884,0.3691,0.3399,0.2911,0 - 0,0.1775
Brazil,Ghana,1.189,0.844,0.4207,0.325,0.2543,0 - 0,0.1629
Brazil,Panama,1.117,0.819,0.4059,0.3357,0.2584,0 - 0,0.176
Morocco,Haiti,1.255,0.831,0.442,0.3176,0.2404,0 - 0,0.1562
Morocco,Scotland,1.031,0.899,0.3629,0.3399,0.2973,0 - 0,0.177
Morocco,USA,0.937,1.033,0.3085,0.3361,0.3554,0 - 0,0.1713
Morocco,Paraguay,1.074,0.873,0.3811,0.337,0.282,0 - 0,0.1745
Morocco,Australia,1.13,0.82,0.4095,0.334,0.2565,0 - 0,0.1741
Morocco,Türkiye,0.941,0.981,0.3193,0.3414,0.3393,0 - 0,0.1781
Morocco,Germany,0.857,1.061,0.2792,0.3398,0.3809,0 - 0,0.1786
Morocco,Curaçao,1.185,0.799,0.4301,0.3281,0.2418,0 - 0,0.1693
Morocco,Côte d'Ivoire,0.949,0.993,0.3194,0.3393,0.3412,0 - 0,0.1752
Morocco,Ecuador,0.977,0.91,0.3443,0.345,0.3107,0 - 0,0.1832
Morocco,Netherlands,0.855,1.075,0.2763,0.3383,0.3854,0 - 0,0.177
Morocco,Japan,0.959,0.918,0.3373,0.3461,0.3166,0 - 0,0.1845
Morocco,Sweden,0.956,1.028,0.3149,0.335,0.3502,0 - 0,0.1694
Morocco,Tunisia,1.101,0.849,0.3943,0.3356,0.2702,0 - 0,0.1741
Morocco,Belgium,0.909,1.022,0.3021,0.3399,0.358,0 - 0,0.1767
Morocco,Egypt,1.011,0.912,0.3543,0.3409,0.3048,0 - 0,0.178
Morocco,IR Iran,1.069,0.915,0.3707,0.3341,0.2952,0 - 0,0.1694
Morocco,New Zealand,1.236,0.785,0.4476,0.3223,0.2301,0 - 0,0.1645
Morocco,Spain,0.777,1.13,0.2439,0.3369,0.4192,0 - 0,0.1802
Morocco,Cabo Verde,1.145,0.803,0.4177,0.3331,0.2491,0 - 0,0.1743
Morocco,Saudi Arabia,1.07,0.891,0.3762,0.336,0.2878,0 - 0,0.1726
Morocco,Uruguay,0.972,0.959,0.3329,0.3405,0.3266,0 - 0,0.1767
Morocco,France,0.825,1.132,0.2578,0.3334,0.4089,0 - 0,0.1731
Morocco,Senegal,0.969,1.05,0.3146,0.3314,0.354,0 - 0,0.1646
Morocco,Iraq,1.08,0.892,0.3788,0.3347,0.2865,0 - 0,0.1711
Morocco,Norway,1.006,1.014,0.3322,0.3317,0.3361,0 - 0,0.1646
Morocco,Argentina,0.84,1.099,0.2676,0.3365,0.3958,0 - 0,0.1757
Morocco,Algeria,1.034,0.948,0.3536,0.335,0.3114,0 - 0,0.1696
Morocco,Austria,0.979,0.905,0.3459,0.3452,0.3089,0 - 0,0.1835
Morocco,Jordan,1.083,0.883,0.3818,0.3351,0.2832,0 - 0,0.1719
Morocco,Portugal,0.826,1.08,0.2667,0.34,0.3934,0 - 0,0.1804
Morocco,Congo DR,1.11,0.91,0.3838,0.3298,0.2865,0 - 0,0.1646
Morocco,Uzbekistan,1.171,0.797,0.4267,0.3302,0.2431,0 - 0,0.1716
Morocco,Colombia,0.938,1.002,0.3146,0.3394,0.346,0 - 0,0.1754
Morocco,England,0.829,1.117,0.2613,0.335,0.4037,0 - 0,0.1747
Morocco,Croatia,0.94,0.947,0.3256,0.3451,0.3293,0 - 0,0.183
Morocco,Ghana,1.073,0.904,0.3742,0.3344,0.2913,0 - 0,0.1702
Morocco,Panama,1.009,0.877,0.3608,0.3444,0.2948,0 - 0,0.1833
Haiti,Scotland,0.9,1.185,0.271,0.3219,0.407,0 - 0,0.1564
Haiti,USA,0.819,1.362,0.2215,0.3049,0.4736,0 - 0,0.1451
Haiti,Paraguay,0.938,1.151,0.2874,0.3231,0.3895,0 - 0,0.1558
Haiti,Australia,0.987,1.081,0.3141,0.3267,0.3592,0 - 0,0.1585
Haiti,Türkiye,0.822,1.293,0.232,0.3133,0.4547,0 - 0,0.1528
Haiti,Germany,0.748,1.399,0.1975,0.3023,0.5002,0 - 0,0.149
Haiti,Curaçao,1.035,1.054,0.333,0.325,0.3419,0 - 0,0.1558
Haiti,Côte d'Ivoire,0.829,1.309,0.2317,0.311,0.4573,0 - 0,0.15
Haiti,Ecuador,0.853,1.2,0.2551,0.3232,0.4217,0 - 0,0.1604
Haiti,Netherlands,0.747,1.417,0.1948,0.3,0.5053,0 - 1,0.1479
Haiti,Japan,0.838,1.211,0.2491,0.3227,0.4282,0 - 0,0.161
Haiti,Sweden,0.835,1.355,0.2269,0.3051,0.468,0 - 0,0.144
Haiti,Tunisia,0.961,1.12,0.2997,0.3247,0.3756,0 - 0,0.1568
Haiti,Belgium,0.794,1.347,0.2168,0.3076,0.4756,0 - 0,0.1496
Haiti,Egypt,0.883,1.202,0.2633,0.3211,0.4156,0 - 0,0.1564
Haiti,IR Iran,0.934,1.206,0.277,0.3174,0.4057,0 - 0,0.1498
Haiti,New Zealand,1.08,1.035,0.3492,0.3226,0.3282,0 - 0,0.1527
Haiti,Spain,0.679,1.49,0.1683,0.2912,0.5404,0 - 1,0.1556
Haiti,Cabo Verde,1.0,1.059,0.322,0.3277,0.3502,0 - 0,0.1595
Haiti,Saudi Arabia,0.934,1.174,0.2825,0.3208,0.3967,0 - 0,0.1534
Haiti,Uruguay,0.849,1.265,0.2439,0.3154,0.4407,0 - 0,0.1529
Haiti,France,0.721,1.493,0.1788,0.2905,0.5307,0 - 1,0.1489
Haiti,Senegal,0.847,1.385,0.2259,0.3011,0.473,0 - 0,0.1395
Haiti,Iraq,0.943,1.176,0.2847,0.32,0.3953,0 - 0,0.1522
Haiti,Norway,0.879,1.337,0.2413,0.3055,0.4532,0 - 0,0.1412
Haiti,Argentina,0.733,1.448,0.1874,0.2961,0.5165,0 - 1,0.1488
Haiti,Algeria,0.903,1.25,0.2613,0.3143,0.4244,0 - 0,0.1482
Haiti,Austria,0.855,1.193,0.2567,0.3238,0.4195,0 - 0,0.161
Haiti,Jordan,0.946,1.164,0.2876,0.3211,0.3913,0 - 0,0.1533
Haiti,Portugal,0.721,1.424,0.1872,0.2996,0.5133,0 - 1,0.1516
Haiti,Congo DR,0.97,1.2,0.2881,0.3156,0.3962,0 - 0,0.1463
Haiti,Uzbekistan,1.023,1.05,0.3302,0.3265,0.3433,0 - 0,0.1578
Haiti,Colombia,0.82,1.321,0.2275,0.3099,0.4626,0 - 0,0.1497
Haiti,England,0.724,1.473,0.182,0.2931,0.525,0 - 1,0.1493
Haiti,Croatia,0.821,1.249,0.2384,0.3188,0.4428,0 - 0,0.1582
Haiti,Ghana,0.938,1.192,0.2803,0.3186,0.4011,0 - 0,0.1509
Haiti,Panama,0.881,1.157,0.2702,0.3265,0.4033,0 - 0,0.1623
Scotland,USA,0.885,1.118,0.2777,0.3307,0.3915,0 - 0,0.1668
Scotland,Paraguay,1.014,0.946,0.3481,0.3374,0.3145,0 - 0,0.1728
Scotland,Australia,1.067,0.888,0.3759,0.3366,0.2875,0 - 0,0.1734
Scotland,Türkiye,0.888,1.062,0.2884,0.3371,0.3744,0 - 0,0.174
Scotland,Germany,0.809,1.149,0.2503,0.3323,0.4174,0 - 0,0.173
Scotland,Curaçao,1.119,0.866,0.396,0.3321,0.2719,0 - 0,0.1693
Scotland,Côte d'Ivoire,0.896,1.075,0.2884,0.3349,0.3766,0 - 0,0.1712
Scotland,Ecuador,0.922,0.985,0.3128,0.3428,0.3444,0 - 0,0.1801
Scotland,Netherlands,0.807,1.164,0.2474,0.3305,0.4221,0 - 0,0.1712
Scotland,Japan,0.906,0.994,0.3062,0.3434,0.3505,0 - 0,0.1812
Scotland,Sweden,0.903,1.113,0.2838,0.33,0.3862,0 - 0,0.1652
Scotland,Tunisia,1.039,0.92,0.361,0.337,0.302,0 - 0,0.1728
Scotland,Belgium,0.858,1.107,0.2719,0.3341,0.3939,0 - 0,0.172
Scotland,Egypt,0.954,0.987,0.3222,0.3394,0.3384,0 - 0,0.1753
Scotland,IR Iran,1.009,0.991,0.3377,0.3336,0.3287,0 - 0,0.1673
Scotland,New Zealand,1.167,0.851,0.4131,0.3273,0.2596,0 - 0,0.165
Scotland,Spain,0.734,1.224,0.217,0.3265,0.4565,0 - 0,0.1731
Scotland,Cabo Verde,1.081,0.87,0.3841,0.3363,0.2796,0 - 0,0.1739
Scotland,Saudi Arabia,1.01,0.965,0.3432,0.336,0.3208,0 - 0,0.1707
Scotland,Uruguay,0.918,1.039,0.3015,0.3372,0.3613,0 - 0,0.1731
Scotland,France,0.779,1.226,0.2297,0.3239,0.4464,0 - 0,0.1666
Scotland,Senegal,0.915,1.137,0.2833,0.3263,0.3904,0 - 0,0.1604
Scotland,Iraq,1.019,0.966,0.3457,0.3349,0.3194,0 - 0,0.1692
Scotland,Norway,0.95,1.098,0.3002,0.328,0.3718,0 - 0,0.161
Scotland,Argentina,0.793,1.19,0.2392,0.328,0.4329,0 - 0,0.1697
Scotland,Algeria,0.976,1.027,0.3211,0.3332,0.3457,0 - 0,0.1668
Scotland,Austria,0.924,0.98,0.3144,0.3431,0.3424,0 - 0,0.1806
Scotland,Jordan,1.023,0.956,0.3486,0.3355,0.3159,0 - 0,0.1701
Scotland,Portugal,0.78,1.169,0.2385,0.3314,0.4301,0 - 0,0.1742
Scotland,Congo DR,1.048,0.986,0.3501,0.3301,0.3197,0 - 0,0.1628
Scotland,Uzbekistan,1.106,0.863,0.3928,0.3339,0.2733,0 - 0,0.1715
Scotland,Colombia,0.886,1.085,0.2838,0.3346,0.3816,0 - 0,0.1712
Scotland,England,0.782,1.21,0.2331,0.3259,0.4409,0 - 0,0.1684
Scotland,Croatia,0.888,1.026,0.2948,0.3414,0.3638,0 - 0,0.1792
Scotland,Ghana,1.013,0.979,0.3412,0.3342,0.3246,0 - 0,0.1682
Scotland,Panama,0.952,0.95,0.3289,0.3435,0.3276,0 - 0,0.1808
USA,Paraguay,1.165,0.86,0.4104,0.3269,0.2627,0 - 0,0.164
USA,Australia,1.226,0.807,0.4397,0.3224,0.2379,0 - 0,0.1629
USA,Türkiye,1.021,0.966,0.346,0.3348,0.3192,0 - 0,0.169
USA,Germany,0.93,1.045,0.3039,0.3355,0.3606,0 - 0,0.1706
USA,Curaçao,1.286,0.787,0.461,0.3156,0.2234,0 - 0,0.1578
USA,Côte d'Ivoire,1.03,0.978,0.3462,0.3327,0.321,0 - 0,0.1663
USA,Ecuador,1.06,0.896,0.3721,0.3367,0.2912,0 - 0,0.1732
USA,Netherlands,0.928,1.058,0.3008,0.3342,0.365,0 - 0,0.1691
USA,Japan,1.041,0.904,0.3647,0.3382,0.2971,0 - 0,0.1747
USA,Sweden,1.037,1.012,0.3417,0.3288,0.3296,0 - 0,0.1608
USA,Tunisia,1.194,0.836,0.424,0.3248,0.2512,0 - 0,0.1632
USA,Belgium,0.987,1.006,0.328,0.3342,0.3377,0 - 0,0.1682
USA,Egypt,1.097,0.898,0.3825,0.3323,0.2852,0 - 0,0.168
USA,IR Iran,1.16,0.901,0.3998,0.3248,0.2754,0 - 0,0.1594
USA,New Zealand,1.341,0.774,0.479,0.3091,0.212,0 - 0,0.1528
USA,Spain,0.844,1.113,0.2664,0.3345,0.3991,0 - 0,0.1732
USA,Cabo Verde,1.243,0.791,0.4482,0.3211,0.2307,0 - 0,0.1629
USA,Saudi Arabia,1.161,0.877,0.4054,0.3263,0.2683,0 - 0,0.1623
USA,Uruguay,1.055,0.945,0.3603,0.3331,0.3066,0 - 0,0.1673
USA,France,0.895,1.115,0.2813,0.3303,0.3884,0 - 0,0.1659
USA,Senegal,1.052,1.034,0.3415,0.3253,0.3331,0 - 0,0.1562
USA,Iraq,1.171,0.879,0.4081,0.3249,0.267,0 - 0,0.1607
USA,Norway,1.091,0.999,0.3599,0.3246,0.3155,0 - 0,0.1557
USA,Argentina,0.911,1.082,0.2917,0.3329,0.3754,0 - 0,0.1682
USA,Algeria,1.122,0.934,0.3821,0.3266,0.2913,0 - 0,0.16
USA,Austria,1.062,0.891,0.3737,0.3368,0.2894,0 - 0,0.1736
USA,Jordan,1.175,0.869,0.4112,0.3251,0.2637,0 - 0,0.1614
USA,Portugal,0.896,1.064,0.2906,0.3363,0.3732,0 - 0,0.1727
USA,Congo DR,1.205,0.896,0.4135,0.3199,0.2667,0 - 0,0.1544
USA,Uzbekistan,1.271,0.785,0.4574,0.3178,0.2248,0 - 0,0.1601
USA,Colombia,1.018,0.987,0.3412,0.333,0.3258,0 - 0,0.1666
USA,England,0.899,1.1,0.285,0.3318,0.3832,0 - 0,0.1673
USA,Croatia,1.02,0.933,0.3525,0.3379,0.3096,0 - 0,0.1736
USA,Ghana,1.165,0.891,0.4035,0.3249,0.2716,0 - 0,0.1601
USA,Panama,1.095,0.864,0.3892,0.3352,0.2756,0 - 0,0.1729
Paraguay,Australia,1.037,0.925,0.3592,0.3368,0.304,0 - 0,0.1725
Paraguay,Türkiye,0.863,1.106,0.2733,0.3338,0.3929,0 - 0,0.1714
Paraguay,Germany,0.786,1.197,0.2361,0.3274,0.4365,0 - 0,0.1696
Paraguay,Curaçao,1.088,0.902,0.379,0.333,0.288,0 - 0,0.1687
Paraguay,Côte d'Ivoire,0.87,1.12,0.2732,0.3316,0.3952,0 - 0,0.1685
Paraguay,Ecuador,0.896,1.026,0.2973,0.3406,0.3621,0 - 0,0.1779
Paraguay,Netherlands,0.784,1.212,0.2333,0.3255,0.4413,0 - 0,0.1678
Paraguay,Japan,0.88,1.036,0.2908,0.3409,0.3683,0 - 0,0.1789
Paraguay,Sweden,0.877,1.159,0.2685,0.3265,0.405,0 - 0,0.1625
Paraguay,Tunisia,1.01,0.958,0.3444,0.3367,0.3189,0 - 0,0.1716
Paraguay,Belgium,0.834,1.153,0.2571,0.3302,0.4127,0 - 0,0.169
Paraguay,Egypt,0.927,1.028,0.3063,0.3375,0.3562,0 - 0,0.1733
Paraguay,IR Iran,0.981,1.032,0.3214,0.3322,0.3464,0 - 0,0.1656
Paraguay,New Zealand,1.134,0.886,0.3958,0.3288,0.2754,0 - 0,0.1646
Paraguay,Spain,0.713,1.275,0.204,0.3202,0.4758,0 - 0,0.169
Paraguay,Cabo Verde,1.051,0.906,0.3673,0.3369,0.2958,0 - 0,0.1731
Paraguay,Saudi Arabia,0.981,1.005,0.3268,0.3349,0.3382,0 - 0,0.1691
Paraguay,Uruguay,0.892,1.082,0.286,0.3345,0.3796,0 - 0,0.1708
Paraguay,France,0.757,1.277,0.2161,0.3181,0.4658,0 - 0,0.1628
Paraguay,Senegal,0.889,1.185,0.2679,0.3226,0.4094,0 - 0,0.1577
Paraguay,Iraq,0.991,1.006,0.3292,0.3339,0.3369,0 - 0,0.1677
Paraguay,Norway,0.923,1.144,0.2844,0.325,0.3906,0 - 0,0.1586
Paraguay,Argentina,0.77,1.239,0.2253,0.3226,0.4521,0 - 0,0.166
Paraguay,Algeria,0.949,1.069,0.305,0.3311,0.3638,0 - 0,0.1648
Paraguay,Austria,0.898,1.021,0.2989,0.341,0.3601,0 - 0,0.1784
Paraguay,Jordan,0.994,0.996,0.3322,0.3346,0.3332,0 - 0,0.1686
Paraguay,Portugal,0.758,1.218,0.2247,0.3261,0.4492,0 - 0,0.1706
Paraguay,Congo DR,1.019,1.027,0.3334,0.3292,0.3373,0 - 0,0.1613
Paraguay,Uzbekistan,1.075,0.899,0.3759,0.3348,0.2893,0 - 0,0.1709
Paraguay,Colombia,0.861,1.13,0.2687,0.3311,0.4002,0 - 0,0.1684
Paraguay,England,0.76,1.26,0.2194,0.3203,0.4603,0 - 0,0.1646
Paraguay,Croatia,0.862,1.069,0.2796,0.3384,0.3819,0 - 0,0.1767
Paraguay,Ghana,0.985,1.02,0.3248,0.333,0.3422,0 - 0,0.1666
Paraguay,Panama,0.925,0.99,0.313,0.342,0.345,0 - 0,0.179
Australia,Türkiye,0.81,1.164,0.2482,0.3302,0.4216,0 - 0,0.1707
Australia,Germany,0.738,1.26,0.2131,0.3213,0.4656,0 - 0,0.1676
Australia,Curaçao,1.021,0.949,0.3495,0.3363,0.3142,0 - 0,0.1713
Australia,Côte d'Ivoire,0.817,1.179,0.248,0.3279,0.4241,0 - 0,0.1678
Australia,Ecuador,0.841,1.08,0.2713,0.3387,0.39,0 - 0,0.1781
Australia,Netherlands,0.736,1.276,0.2104,0.3191,0.4705,0 - 0,0.1657
Australia,Japan,0.826,1.09,0.2651,0.3386,0.3963,0 - 0,0.1788
Australia,Sweden,0.823,1.22,0.2434,0.3223,0.4343,0 - 0,0.1616
Australia,Tunisia,0.948,1.008,0.3162,0.3378,0.346,0 - 0,0.1732
Australia,Belgium,0.783,1.213,0.2328,0.3254,0.4418,0 - 0,0.1678
Australia,Egypt,0.871,1.082,0.2797,0.3362,0.3841,0 - 0,0.1737
Australia,IR Iran,0.921,1.086,0.2938,0.3317,0.3746,0 - 0,0.1663
Australia,New Zealand,1.064,0.933,0.3657,0.3331,0.3012,0 - 0,0.1676
Australia,Spain,0.67,1.342,0.1831,0.312,0.5049,0 - 0,0.1659
Australia,Cabo Verde,0.987,0.954,0.3384,0.3395,0.3221,0 - 0,0.1754
Australia,Saudi Arabia,0.921,1.058,0.2992,0.3348,0.366,0 - 0,0.1701
Australia,Uruguay,0.837,1.139,0.2602,0.3317,0.4081,0 - 0,0.1705
Australia,France,0.711,1.344,0.1941,0.3106,0.4953,0 - 0,0.1602
Australia,Senegal,0.835,1.247,0.2426,0.3183,0.439,0 - 0,0.1568
Australia,Iraq,0.93,1.059,0.3014,0.3339,0.3647,0 - 0,0.1687
Australia,Norway,0.866,1.204,0.2582,0.3218,0.4199,0 - 0,0.1582
Australia,Argentina,0.723,1.304,0.2028,0.3157,0.4815,0 - 0,0.1637
Australia,Algeria,0.891,1.126,0.2781,0.3295,0.3924,0 - 0,0.1651
Australia,Austria,0.843,1.075,0.2728,0.3393,0.388,0 - 0,0.1786
Australia,Jordan,0.933,1.048,0.3043,0.3348,0.3609,0 - 0,0.1698
Australia,Portugal,0.711,1.282,0.2024,0.3192,0.4783,0 - 0,0.1682
Australia,Congo DR,0.956,1.081,0.3052,0.3293,0.3655,0 - 0,0.1624
Australia,Uzbekistan,1.009,0.946,0.3466,0.3379,0.3154,0 - 0,0.1734
Australia,Colombia,0.808,1.189,0.2437,0.3271,0.4292,0 - 0,0.1676
Australia,England,0.714,1.326,0.1973,0.313,0.4897,0 - 0,0.1621
Australia,Croatia,0.81,1.125,0.2544,0.3354,0.4103,0 - 0,0.1763
Australia,Ghana,0.924,1.074,0.2971,0.3327,0.3702,0 - 0,0.1675
Australia,Panama,0.869,1.042,0.2863,0.3412,0.3725,0 - 0,0.1797
Türkiye,Germany,0.883,1.049,0.2893,0.3391,0.3716,0 - 0,0.1767
Türkiye,Curaçao,1.222,0.79,0.4425,0.3239,0.2336,0 - 0,0.1658
Türkiye,Côte d'Ivoire,0.978,0.981,0.3303,0.3377,0.332,0 - 0,0.1728
Türkiye,Ecuador,1.007,0.899,0.3555,0.3426,0.3019,0 - 0,0.1804
Türkiye,Netherlands,0.881,1.062,0.2863,0.3377,0.376,0 - 0,0.175
Türkiye,Japan,0.989,0.907,0.3484,0.3438,0.3077,0 - 0,0.1818
Türkiye,Sweden,0.985,1.016,0.3258,0.3335,0.3408,0 - 0,0.1671
Türkiye,Tunisia,1.134,0.839,0.4063,0.3321,0.2616,0 - 0,0.1708
Türkiye,Belgium,0.937,1.01,0.3126,0.3386,0.3487,0 - 0,0.1745
Türkiye,Egypt,1.042,0.901,0.3657,0.3384,0.2959,0 - 0,0.1751
Türkiye,IR Iran,1.101,0.904,0.3825,0.3312,0.2863,0 - 0,0.1665
Türkiye,New Zealand,1.274,0.776,0.4602,0.3178,0.222,0 - 0,0.1608
Türkiye,Spain,0.801,1.117,0.2531,0.337,0.4098,0 - 0,0.1787
Türkiye,Cabo Verde,1.18,0.794,0.43,0.3291,0.2409,0 - 0,0.1708
Türkiye,Saudi Arabia,1.102,0.88,0.388,0.333,0.2791,0 - 0,0.1696
Türkiye,Uruguay,1.002,0.948,0.344,0.3385,0.3175,0 - 0,0.1741
Türkiye,France,0.85,1.119,0.2674,0.3332,0.3994,0 - 0,0.1714
Türkiye,Senegal,0.999,1.038,0.3256,0.3299,0.3445,0 - 0,0.1624
Türkiye,Iraq,1.113,0.882,0.3906,0.3317,0.2777,0 - 0,0.168
Türkiye,Norway,1.037,1.002,0.3435,0.3298,0.3267,0 - 0,0.1622
Türkiye,Argentina,0.865,1.086,0.2775,0.3362,0.3864,0 - 0,0.1739
Türkiye,Algeria,1.066,0.937,0.3651,0.3326,0.3023,0 - 0,0.1669
Türkiye,Austria,1.009,0.894,0.3572,0.3428,0.3,0 - 0,0.1807
Türkiye,Jordan,1.116,0.872,0.3936,0.332,0.2744,0 - 0,0.1688
Türkiye,Portugal,0.851,1.067,0.2764,0.3396,0.384,0 - 0,0.1786
Türkiye,Congo DR,1.144,0.899,0.3958,0.3267,0.2776,0 - 0,0.1616
Türkiye,Uzbekistan,1.207,0.787,0.4391,0.326,0.2349,0 - 0,0.1681
Türkiye,Colombia,0.967,0.99,0.3254,0.3378,0.3368,0 - 0,0.1731
Türkiye,England,0.854,1.104,0.271,0.3348,0.3942,0 - 0,0.173
Türkiye,Croatia,0.969,0.936,0.3365,0.3432,0.3203,0 - 0,0.1804
Türkiye,Ghana,1.106,0.894,0.3861,0.3315,0.2824,0 - 0,0.1673
Türkiye,Panama,1.039,0.867,0.3723,0.3416,0.2861,0 - 0,0.1803
Germany,Curaçao,1.322,0.72,0.487,0.3134,0.1996,0 - 0,0.162
Germany,Côte d'Ivoire,1.058,0.894,0.372,0.3371,0.2909,0 - 0,0.1738
Germany,Ecuador,1.089,0.819,0.3976,0.3393,0.2631,0 - 0,0.1801
Germany,Netherlands,0.953,0.967,0.3256,0.3416,0.3328,0 - 0,0.1782
Germany,Japan,1.07,0.827,0.3901,0.3412,0.2686,0 - 0,0.1818
Germany,Sweden,1.066,0.925,0.3676,0.3336,0.2988,0 - 0,0.1685
Germany,Tunisia,1.227,0.765,0.4501,0.3245,0.2254,0 - 0,0.1684
Germany,Belgium,1.014,0.92,0.3534,0.3398,0.3068,0 - 0,0.1764
Germany,Egypt,1.127,0.821,0.4084,0.3343,0.2573,0 - 0,0.1744
Germany,IR Iran,1.192,0.824,0.4262,0.3259,0.2478,0 - 0,0.1653
Germany,New Zealand,1.378,0.707,0.505,0.3061,0.1889,0 - 0,0.1565
Germany,Spain,0.867,1.017,0.29,0.3443,0.3656,0 - 0,0.1836
Germany,Cabo Verde,1.277,0.723,0.474,0.3195,0.2065,0 - 0,0.1673
Germany,Saudi Arabia,1.193,0.802,0.4316,0.3271,0.2414,0 - 0,0.168
Germany,Uruguay,1.084,0.864,0.3861,0.3365,0.2774,0 - 0,0.1745
Germany,France,0.92,1.019,0.3057,0.3392,0.355,0 - 0,0.1756
Germany,Senegal,1.081,0.945,0.3678,0.3302,0.302,0 - 0,0.1638
Germany,Iraq,1.204,0.803,0.4344,0.3256,0.24,0 - 0,0.1664
Germany,Norway,1.121,0.913,0.3864,0.3283,0.2853,0 - 0,0.1628
Germany,Argentina,0.936,0.989,0.3163,0.341,0.3427,0 - 0,0.1776
Germany,Algeria,1.153,0.853,0.4084,0.3288,0.2627,0 - 0,0.1664
Germany,Austria,1.091,0.815,0.3992,0.3393,0.2614,0 - 0,0.1803
Germany,Jordan,1.207,0.795,0.4374,0.3255,0.237,0 - 0,0.167
Germany,Portugal,0.921,0.972,0.3149,0.3444,0.3407,0 - 0,0.1822
Germany,Congo DR,1.238,0.819,0.4401,0.3203,0.2395,0 - 0,0.1599
Germany,Uzbekistan,1.306,0.717,0.4834,0.3157,0.2009,0 - 0,0.1643
Germany,Colombia,1.046,0.902,0.3668,0.3378,0.2954,0 - 0,0.1743
Germany,England,0.924,1.006,0.3095,0.3404,0.3501,0 - 0,0.177
Germany,Croatia,1.048,0.853,0.3779,0.3418,0.2803,0 - 0,0.1811
Germany,Ghana,1.197,0.814,0.4298,0.3258,0.2444,0 - 0,0.1659
Germany,Panama,1.125,0.79,0.4148,0.3368,0.2484,0 - 0,0.1792
Curaçao,Côte d'Ivoire,0.797,1.237,0.2333,0.3216,0.445,0 - 0,0.1629
Curaçao,Ecuador,0.82,1.133,0.2562,0.3335,0.4102,0 - 0,0.1736
Curaçao,Netherlands,0.718,1.339,0.1969,0.3112,0.4919,0 - 0,0.16
Curaçao,Japan,0.806,1.144,0.2502,0.3332,0.4166,0 - 0,0.1742
Curaçao,Sweden,0.803,1.28,0.2287,0.3158,0.4556,0 - 0,0.1566
Curaçao,Tunisia,0.925,1.058,0.3,0.3345,0.3655,0 - 0,0.1696
Curaçao,Belgium,0.764,1.273,0.2186,0.3184,0.4629,0 - 0,0.1625
Curaçao,Egypt,0.849,1.135,0.2643,0.3313,0.4044,0 - 0,0.1694
Curaçao,IR Iran,0.898,1.139,0.2779,0.3273,0.3948,0 - 0,0.1624
Curaçao,New Zealand,1.038,0.978,0.3487,0.3318,0.3195,0 - 0,0.1651
Curaçao,Spain,0.653,1.407,0.1707,0.3029,0.5264,0 - 1,0.1633
Curaçao,Cabo Verde,0.962,1.0,0.3219,0.3372,0.3408,0 - 0,0.1723
Curaçao,Saudi Arabia,0.899,1.109,0.2833,0.3308,0.386,0 - 0,0.1662
Curaçao,Uruguay,0.816,1.195,0.2453,0.3259,0.4288,0 - 0,0.1658
Curaçao,France,0.693,1.41,0.1812,0.3019,0.5169,0 - 1,0.1566
Curaçao,Senegal,0.814,1.308,0.2278,0.3117,0.4605,0 - 0,0.1519
Curaçao,Iraq,0.907,1.111,0.2854,0.3299,0.3847,0 - 0,0.1649
Curaçao,Norway,0.845,1.263,0.243,0.3159,0.4411,0 - 0,0.1536
Curaçao,Argentina,0.705,1.368,0.1896,0.3074,0.503,0 - 0,0.1579
Curaçao,Algeria,0.869,1.181,0.2626,0.3245,0.413,0 - 0,0.1608
Curaçao,Austria,0.822,1.127,0.2577,0.3342,0.4081,0 - 0,0.1741
Curaçao,Jordan,0.91,1.099,0.2882,0.331,0.3807,0 - 0,0.166
Curaçao,Portugal,0.694,1.345,0.1893,0.3109,0.4997,0 - 0,0.1623
Curaçao,Congo DR,0.933,1.134,0.2889,0.3254,0.3856,0 - 0,0.1587
Curaçao,Uzbekistan,0.984,0.992,0.33,0.336,0.3341,0 - 0,0.1705
Curaçao,Colombia,0.788,1.248,0.2292,0.3206,0.4502,0 - 0,0.1626
Curaçao,England,0.696,1.391,0.1843,0.3045,0.5113,0 - 1,0.1568
Curaçao,Croatia,0.79,1.18,0.2397,0.3294,0.4308,0 - 0,0.1714
Curaçao,Ghana,0.902,1.126,0.2812,0.3286,0.3903,0 - 0,0.1636
Curaçao,Panama,0.847,1.093,0.2709,0.3367,0.3923,0 - 0,0.1755
Côte d'Ivoire,Ecuador,1.019,0.907,0.3576,0.3404,0.302,0 - 0,0.1774
Côte d'Ivoire,Netherlands,0.892,1.071,0.2879,0.3357,0.3764,0 - 0,0.1722
Côte d'Ivoire,Japan,1.001,0.915,0.3505,0.3417,0.3078,0 - 0,0.1789
Côte d'Ivoire,Sweden,0.997,1.025,0.3276,0.3314,0.341,0 - 0,0.1644
Côte d'Ivoire,Tunisia,1.148,0.847,0.4086,0.3299,0.2615,0 - 0,0.168
Côte d'Ivoire,Belgium,0.949,1.019,0.3144,0.3366,0.349,0 - 0,0.1717
Côte d'Ivoire,Egypt,1.054,0.909,0.3678,0.3362,0.296,0 - 0,0.1722
Côte d'Ivoire,IR Iran,1.115,0.912,0.3847,0.3291,0.2862,0 - 0,0.1637
Côte d'Ivoire,New Zealand,1.289,0.783,0.4628,0.3154,0.2217,0 - 0,0.158
Côte d'Ivoire,Spain,0.811,1.126,0.2545,0.3351,0.4104,0 - 0,0.1759
Côte d'Ivoire,Cabo Verde,1.195,0.801,0.4325,0.3268,0.2407,0 - 0,0.1679
Côte d'Ivoire,Saudi Arabia,1.116,0.888,0.3902,0.3308,0.279,0 - 0,0.1667
Côte d'Ivoire,Uruguay,1.014,0.956,0.346,0.3364,0.3177,0 - 0,0.1712
Côte d'Ivoire,France,0.861,1.129,0.2689,0.3313,0.3999,0 - 0,0.1687
Côte d'Ivoire,Senegal,1.011,1.047,0.3274,0.3279,0.3447,0 - 0,0.1597
Côte d'Ivoire,Iraq,1.126,0.889,0.3929,0.3295,0.2776,0 - 0,0.1652
Côte d'Ivoire,Norway,1.049,1.011,0.3454,0.3277,0.3268,0 - 0,0.1594
Côte d'Ivoire,Argentina,0.876,1.095,0.279,0.3342,0.3868,0 - 0,0.1712
Côte d'Ivoire,Algeria,1.079,0.945,0.3672,0.3304,0.3023,0 - 0,0.1641
Côte d'Ivoire,Austria,1.021,0.902,0.3593,0.3406,0.3001,0 - 0,0.1778
Côte d'Ivoire,Jordan,1.13,0.88,0.3959,0.3298,0.2743,0 - 0,0.166
Côte d'Ivoire,Portugal,0.861,1.077,0.278,0.3376,0.3845,0 - 0,0.1757
Côte d'Ivoire,Congo DR,1.158,0.907,0.398,0.3245,0.2775,0 - 0,0.1588
Côte d'Ivoire,Uzbekistan,1.222,0.794,0.4416,0.3237,0.2347,0 - 0,0.1652
Côte d'Ivoire,Colombia,0.979,0.999,0.3273,0.3358,0.337,0 - 0,0.1702
Côte d'Ivoire,England,0.864,1.114,0.2725,0.3329,0.3947,0 - 0,0.1702
Côte d'Ivoire,Croatia,0.981,0.944,0.3385,0.3411,0.3205,0 - 0,0.1776
Côte d'Ivoire,Ghana,1.12,0.902,0.3883,0.3293,0.2824,0 - 0,0.1644
Côte d'Ivoire,Panama,1.052,0.875,0.3745,0.3394,0.2861,0 - 0,0.1773
Ecuador,Netherlands,0.817,1.103,0.2602,0.3377,0.4021,0 - 0,0.1783
Ecuador,Japan,0.917,0.942,0.3196,0.3481,0.3323,0 - 0,0.1872
Ecuador,Sweden,0.914,1.055,0.2974,0.3358,0.3668,0 - 0,0.1715
Ecuador,Tunisia,1.052,0.872,0.3751,0.3397,0.2853,0 - 0,0.1778
Ecuador,Belgium,0.869,1.049,0.2852,0.3403,0.3745,0 - 0,0.1786
Ecuador,Egypt,0.966,0.935,0.336,0.3435,0.3205,0 - 0,0.1809
Ecuador,IR Iran,1.022,0.939,0.3519,0.3372,0.311,0 - 0,0.1726
Ecuador,New Zealand,1.181,0.806,0.4274,0.3283,0.2443,0 - 0,0.169
Ecuador,Spain,0.743,1.16,0.2291,0.3349,0.436,0 - 0,0.1809
Ecuador,Cabo Verde,1.095,0.824,0.3982,0.3382,0.2637,0 - 0,0.1784
Ecuador,Saudi Arabia,1.023,0.914,0.3573,0.3394,0.3034,0 - 0,0.1759
Ecuador,Uruguay,0.929,0.985,0.3151,0.3422,0.3427,0 - 0,0.1792
Ecuador,France,0.789,1.162,0.2423,0.3319,0.4259,0 - 0,0.174
Ecuador,Senegal,0.927,1.078,0.2971,0.3321,0.3708,0 - 0,0.1666
Ecuador,Iraq,1.032,0.915,0.3598,0.3382,0.302,0 - 0,0.1744
Ecuador,Norway,0.962,1.041,0.3142,0.3331,0.3528,0 - 0,0.167
Ecuador,Argentina,0.803,1.128,0.2518,0.3355,0.4127,0 - 0,0.1769
Ecuador,Algeria,0.989,0.973,0.3351,0.3374,0.3275,0 - 0,0.1725
Ecuador,Austria,0.936,0.929,0.328,0.3475,0.3245,0 - 0,0.1864
Ecuador,Jordan,1.035,0.906,0.3627,0.3387,0.2986,0 - 0,0.1753
Ecuador,Portugal,0.789,1.108,0.251,0.339,0.41,0 - 0,0.1816
Ecuador,Congo DR,1.061,0.934,0.3645,0.3333,0.3022,0 - 0,0.1679
Ecuador,Uzbekistan,1.12,0.817,0.407,0.3355,0.2575,0 - 0,0.1759
Ecuador,Colombia,0.897,1.028,0.2973,0.3403,0.3624,0 - 0,0.1775
Ecuador,England,0.792,1.146,0.2457,0.3337,0.4206,0 - 0,0.1757
Ecuador,Croatia,0.899,0.972,0.3082,0.3466,0.3453,0 - 0,0.1855
Ecuador,Ghana,1.026,0.928,0.3553,0.3377,0.307,0 - 0,0.1735
Ecuador,Panama,0.964,0.9,0.3425,0.3473,0.3102,0 - 0,0.1864
Netherlands,Japan,1.083,0.825,0.3947,0.3396,0.2657,0 - 0,0.1801
Netherlands,Sweden,1.079,0.923,0.3721,0.3322,0.2957,0 - 0,0.1669
Netherlands,Tunisia,1.243,0.763,0.4549,0.3225,0.2226,0 - 0,0.1666
Netherlands,Belgium,1.027,0.918,0.3577,0.3386,0.3037,0 - 0,0.1748
Netherlands,Egypt,1.141,0.819,0.413,0.3326,0.2544,0 - 0,0.1727
Netherlands,IR Iran,1.207,0.822,0.431,0.3241,0.2449,0 - 0,0.1635
Netherlands,New Zealand,1.396,0.705,0.51,0.3037,0.1863,1 - 0,0.1551
Netherlands,Spain,0.878,1.015,0.2939,0.3436,0.3625,0 - 0,0.1823
Netherlands,Cabo Verde,1.293,0.721,0.4789,0.3173,0.2038,0 - 0,0.1654
Netherlands,Saudi Arabia,1.208,0.8,0.4364,0.3252,0.2385,0 - 0,0.1662
Netherlands,Uruguay,1.098,0.862,0.3906,0.335,0.2744,0 - 0,0.1728
Netherlands,France,0.932,1.017,0.3097,0.3384,0.3519,0 - 0,0.1742
Netherlands,Senegal,1.095,0.943,0.3722,0.3289,0.2989,0 - 0,0.1623
Netherlands,Iraq,1.219,0.801,0.4392,0.3237,0.2371,0 - 0,0.1646
Netherlands,Norway,1.136,0.911,0.391,0.3268,0.2822,0 - 0,0.1612
Netherlands,Argentina,0.948,0.987,0.3204,0.3401,0.3396,0 - 0,0.1762
Netherlands,Algeria,1.168,0.852,0.4131,0.3272,0.2598,0 - 0,0.1647
Netherlands,Austria,1.105,0.813,0.4038,0.3377,0.2585,0 - 0,0.1786
Netherlands,Jordan,1.223,0.793,0.4422,0.3236,0.2342,0 - 0,0.1652
Netherlands,Portugal,0.933,0.97,0.3189,0.3434,0.3376,0 - 0,0.1808
Netherlands,Congo DR,1.254,0.817,0.445,0.3184,0.2366,0 - 0,0.1581
Netherlands,Uzbekistan,1.323,0.715,0.4883,0.3134,0.1983,0 - 0,0.1624
Netherlands,Colombia,1.06,0.9,0.3712,0.3364,0.2924,0 - 0,0.1727
Netherlands,England,0.936,1.003,0.3135,0.3395,0.347,0 - 0,0.1756
Netherlands,Croatia,1.062,0.851,0.3824,0.3403,0.2774,0 - 0,0.1794
Netherlands,Ghana,1.212,0.812,0.4346,0.324,0.2414,0 - 0,0.1641
Netherlands,Panama,1.139,0.788,0.4194,0.335,0.2456,0 - 0,0.1774
Japan,Sweden,0.922,1.036,0.3033,0.3371,0.3595,0 - 0,0.1729
Japan,Tunisia,1.062,0.856,0.3813,0.3398,0.2789,0 - 0,0.1786
Japan,Belgium,0.877,1.03,0.2909,0.3418,0.3672,0 - 0,0.1801
Japan,Egypt,0.975,0.919,0.342,0.3442,0.3138,0 - 0,0.1821
Japan,IR Iran,1.031,0.922,0.3581,0.3377,0.3042,0 - 0,0.1736
Japan,New Zealand,1.192,0.792,0.4338,0.3277,0.2385,0 - 0,0.1694
Japan,Spain,0.75,1.139,0.2343,0.3374,0.4283,0 - 0,0.1829
Japan,Cabo Verde,1.105,0.81,0.4044,0.338,0.2576,0 - 0,0.1791
Japan,Saudi Arabia,1.032,0.898,0.3635,0.3398,0.2968,0 - 0,0.1769
Japan,Uruguay,0.938,0.967,0.321,0.3432,0.3357,0 - 0,0.1805
Japan,France,0.796,1.141,0.2477,0.3341,0.4182,0 - 0,0.1759
Japan,Senegal,0.935,1.059,0.303,0.3335,0.3635,0 - 0,0.1681
Japan,Iraq,1.042,0.899,0.366,0.3386,0.2954,0 - 0,0.1754
Japan,Norway,0.97,1.022,0.3202,0.3342,0.3456,0 - 0,0.1683
Japan,Argentina,0.81,1.107,0.2573,0.3376,0.4051,0 - 0,0.1787
Japan,Algeria,0.998,0.956,0.3413,0.3382,0.3206,0 - 0,0.1736
Japan,Austria,0.944,0.912,0.3339,0.3483,0.3177,0 - 0,0.1876
Japan,Jordan,1.045,0.89,0.369,0.339,0.292,0 - 0,0.1762
Japan,Portugal,0.797,1.089,0.2564,0.3411,0.4025,0 - 0,0.1834
Japan,Congo DR,1.071,0.917,0.3708,0.3336,0.2955,0 - 0,0.1688
Japan,Uzbekistan,1.13,0.803,0.4133,0.3352,0.2515,0 - 0,0.1765
Japan,Colombia,0.905,1.01,0.3031,0.3416,0.3553,0 - 0,0.179
Japan,England,0.799,1.126,0.2511,0.3359,0.4129,0 - 0,0.1776
Japan,Croatia,0.907,0.955,0.314,0.3477,0.3383,0 - 0,0.1868
Japan,Ghana,1.035,0.912,0.3615,0.3381,0.3003,0 - 0,0.1745
Japan,Panama,0.973,0.884,0.3485,0.3479,0.3036,0 - 0,0.1875
Sweden,Tunisia,1.189,0.853,0.4187,0.3245,0.2568,0 - 0,0.1618
Sweden,Belgium,0.982,1.026,0.3228,0.3327,0.3445,0 - 0,0.1661
Sweden,Egypt,1.092,0.915,0.3772,0.3315,0.2913,0 - 0,0.1663
Sweden,IR Iran,1.154,0.919,0.3944,0.3241,0.2814,0 - 0,0.1578
Sweden,New Zealand,1.335,0.789,0.4736,0.3094,0.2171,0 - 0,0.1518
Sweden,Spain,0.839,1.135,0.2616,0.332,0.4064,0 - 0,0.1707
Sweden,Cabo Verde,1.237,0.807,0.4428,0.3211,0.2361,0 - 0,0.1616
Sweden,Saudi Arabia,1.155,0.895,0.4,0.3257,0.2743,0 - 0,0.1608
Sweden,Uruguay,1.05,0.964,0.355,0.332,0.3131,0 - 0,0.1655
Sweden,France,0.891,1.137,0.2763,0.3281,0.3956,0 - 0,0.1635
Sweden,Senegal,1.047,1.055,0.3361,0.3239,0.34,0 - 0,0.1543
Sweden,Iraq,1.166,0.896,0.4027,0.3244,0.2729,0 - 0,0.1592
Sweden,Norway,1.086,1.018,0.3545,0.3235,0.3221,0 - 0,0.1539
Sweden,Argentina,0.907,1.103,0.2867,0.3308,0.3825,0 - 0,0.1659
Sweden,Algeria,1.117,0.952,0.3766,0.3258,0.2976,0 - 0,0.1583
Sweden,Austria,1.057,0.909,0.3685,0.3359,0.2956,0 - 0,0.1718
Sweden,Jordan,1.17,0.887,0.4058,0.3246,0.2696,0 - 0,0.16
Sweden,Portugal,0.892,1.085,0.2856,0.3342,0.3802,0 - 0,0.1704
Sweden,Congo DR,1.199,0.914,0.408,0.3194,0.2726,0 - 0,0.1529
Sweden,Uzbekistan,1.265,0.8,0.4521,0.3178,0.2301,0 - 0,0.1589
Sweden,Colombia,1.013,1.006,0.3359,0.3317,0.3324,0 - 0,0.1646
Sweden,England,0.895,1.122,0.28,0.3296,0.3904,0 - 0,0.165
Sweden,Croatia,1.015,0.952,0.3473,0.3367,0.316,0 - 0,0.1717
Sweden,Ghana,1.159,0.908,0.398,0.3243,0.2776,0 - 0,0.1585
Sweden,Panama,1.089,0.881,0.3839,0.3345,0.2816,0 - 0,0.1713
Tunisia,Belgium,0.811,1.182,0.2458,0.3279,0.4263,0 - 0,0.1682
Tunisia,Egypt,0.902,1.054,0.294,0.3369,0.3691,0 - 0,0.1732
Tunisia,IR Iran,0.954,1.058,0.3086,0.3319,0.3594,0 - 0,0.1657
Tunisia,New Zealand,1.103,0.908,0.382,0.3308,0.2872,0 - 0,0.1658
Tunisia,Spain,0.694,1.307,0.1942,0.3163,0.4895,0 - 0,0.1673
Tunisia,Cabo Verde,1.022,0.929,0.354,0.3381,0.3079,0 - 0,0.1739
Tunisia,Saudi Arabia,0.955,1.03,0.3141,0.3348,0.3511,0 - 0,0.1693
Tunisia,Uruguay,0.867,1.109,0.274,0.3331,0.3928,0 - 0,0.1704
Tunisia,France,0.736,1.309,0.2058,0.3146,0.4796,0 - 0,0.1614
Tunisia,Senegal,0.865,1.215,0.2562,0.3206,0.4232,0 - 0,0.157
Tunisia,Iraq,0.963,1.032,0.3164,0.3339,0.3498,0 - 0,0.1679
Tunisia,Norway,0.898,1.173,0.2723,0.3235,0.4042,0 - 0,0.1582
Tunisia,Argentina,0.749,1.271,0.2148,0.3193,0.4659,0 - 0,0.1647
Tunisia,Algeria,0.923,1.096,0.2926,0.3303,0.3771,0 - 0,0.1647
Tunisia,Austria,0.874,1.047,0.2868,0.3402,0.373,0 - 0,0.1783
Tunisia,Jordan,0.966,1.021,0.3193,0.3347,0.346,0 - 0,0.1689
Tunisia,Portugal,0.737,1.249,0.2143,0.3228,0.4628,0 - 0,0.1692
Tunisia,Congo DR,0.991,1.052,0.3204,0.3292,0.3503,0 - 0,0.1616
Tunisia,Uzbekistan,1.045,0.921,0.3624,0.3362,0.3014,0 - 0,0.1718
Tunisia,Colombia,0.837,1.159,0.2571,0.3292,0.4137,0 - 0,0.1678
Tunisia,England,0.739,1.292,0.2091,0.3168,0.474,0 - 0,0.1632
Tunisia,Croatia,0.839,1.096,0.2679,0.337,0.3951,0 - 0,0.1762
Tunisia,Ghana,0.958,1.046,0.312,0.3329,0.3551,0 - 0,0.1667
Tunisia,Panama,0.9,1.014,0.3007,0.3416,0.3577,0 - 0,0.1791
Belgium,Egypt,1.085,0.871,0.385,0.3358,0.2792,0 - 0,0.1732
Belgium,IR Iran,1.148,0.874,0.4023,0.3281,0.2696,0 - 0,0.1644
Belgium,New Zealand,1.327,0.75,0.4808,0.3117,0.2074,0 - 0,0.1574
Belgium,Spain,0.835,1.079,0.2694,0.3393,0.3913,0 - 0,0.1792
Belgium,Cabo Verde,1.23,0.767,0.4502,0.324,0.2258,0 - 0,0.1677
Belgium,Saudi Arabia,1.149,0.851,0.4078,0.3295,0.2627,0 - 0,0.1673
Belgium,Uruguay,1.044,0.917,0.3629,0.3368,0.3003,0 - 0,0.1727
Belgium,France,0.886,1.082,0.2843,0.335,0.3807,0 - 0,0.1716
Belgium,Senegal,1.041,1.003,0.3444,0.3292,0.3263,0 - 0,0.1615
Belgium,Iraq,1.159,0.852,0.4105,0.3282,0.2613,0 - 0,0.1658
Belgium,Norway,1.08,0.969,0.3627,0.3283,0.3089,0 - 0,0.1609
Belgium,Argentina,0.901,1.05,0.2947,0.3374,0.3679,0 - 0,0.1739
Belgium,Algeria,1.11,0.906,0.3847,0.3301,0.2852,0 - 0,0.1651
Belgium,Austria,1.051,0.865,0.3762,0.3404,0.2834,0 - 0,0.1789
Belgium,Jordan,1.163,0.843,0.4136,0.3283,0.2582,0 - 0,0.1664
Belgium,Portugal,0.887,1.032,0.2935,0.3408,0.3657,0 - 0,0.1785
Belgium,Congo DR,1.192,0.869,0.4159,0.3231,0.261,0 - 0,0.1593
Belgium,Uzbekistan,1.257,0.761,0.4594,0.3206,0.22,0 - 0,0.1649
Belgium,Colombia,1.008,0.957,0.344,0.337,0.3191,0 - 0,0.172
Belgium,England,0.89,1.067,0.288,0.3364,0.3756,0 - 0,0.1731
Belgium,Croatia,1.009,0.905,0.3551,0.3417,0.3032,0 - 0,0.1791
Belgium,Ghana,1.152,0.864,0.4059,0.3282,0.2659,0 - 0,0.1651
Belgium,Panama,1.083,0.838,0.3916,0.3386,0.2698,0 - 0,0.1782
Egypt,IR Iran,1.024,0.972,0.3458,0.3339,0.3203,0 - 0,0.1679
Egypt,New Zealand,1.184,0.834,0.4216,0.3263,0.2522,0 - 0,0.1649
Egypt,Spain,0.745,1.2,0.2235,0.3292,0.4473,0 - 0,0.1749
Egypt,Cabo Verde,1.097,0.853,0.3923,0.3357,0.2719,0 - 0,0.1741
Egypt,Saudi Arabia,1.025,0.946,0.3513,0.3362,0.3125,0 - 0,0.1712
Egypt,Uruguay,0.931,1.019,0.3091,0.3382,0.3527,0 - 0,0.1741
Egypt,France,0.79,1.202,0.2365,0.3264,0.4371,0 - 0,0.1683
Egypt,Senegal,0.928,1.115,0.2909,0.3278,0.3813,0 - 0,0.1615
Egypt,Iraq,1.034,0.947,0.3537,0.3351,0.3112,0 - 0,0.1697
Egypt,Norway,0.963,1.077,0.308,0.3291,0.3629,0 - 0,0.162
Egypt,Argentina,0.804,1.167,0.246,0.3303,0.4237,0 - 0,0.1712
Egypt,Algeria,0.99,1.007,0.329,0.3338,0.3371,0 - 0,0.1676
Egypt,Austria,0.937,0.961,0.3221,0.3439,0.334,0 - 0,0.1814
Egypt,Jordan,1.037,0.938,0.3567,0.3356,0.3077,0 - 0,0.1706
Egypt,Portugal,0.791,1.147,0.2453,0.3337,0.421,0 - 0,0.1758
Egypt,Congo DR,1.063,0.967,0.3584,0.3303,0.3114,0 - 0,0.1633
Egypt,Uzbekistan,1.122,0.846,0.4011,0.3332,0.2657,0 - 0,0.1716
Egypt,Colombia,0.899,1.064,0.2913,0.336,0.3727,0 - 0,0.1723
Egypt,England,0.794,1.186,0.2399,0.3284,0.4317,0 - 0,0.17
Egypt,Croatia,0.9,1.006,0.3023,0.3425,0.3552,0 - 0,0.1802
Egypt,Ghana,1.028,0.961,0.3493,0.3345,0.3162,0 - 0,0.1688
Egypt,Panama,0.966,0.932,0.3367,0.3439,0.3194,0 - 0,0.1815
IR Iran,New Zealand,1.188,0.882,0.412,0.3227,0.2653,0 - 0,0.1582
IR Iran,Spain,0.747,1.269,0.2145,0.3196,0.4659,0 - 0,0.1652
IR Iran,Cabo Verde,1.101,0.902,0.3828,0.3315,0.2857,0 - 0,0.1669
IR Iran,Saudi Arabia,1.028,1.0,0.3414,0.3308,0.3278,0 - 0,0.1635
IR Iran,Uruguay,0.934,1.077,0.2994,0.3315,0.3691,0 - 0,0.1657
IR Iran,France,0.793,1.271,0.2271,0.3173,0.4556,0 - 0,0.1589
IR Iran,Senegal,0.932,1.179,0.2809,0.3204,0.3987,0 - 0,0.1531
IR Iran,Iraq,1.038,1.002,0.3439,0.3297,0.3264,0 - 0,0.1621
IR Iran,Norway,0.967,1.139,0.2979,0.3223,0.3798,0 - 0,0.1538
IR Iran,Argentina,0.807,1.234,0.2366,0.3215,0.4419,0 - 0,0.162
IR Iran,Algeria,0.994,1.065,0.3191,0.3277,0.3532,0 - 0,0.1596
IR Iran,Austria,0.941,1.016,0.3126,0.3376,0.3499,0 - 0,0.173
IR Iran,Jordan,1.041,0.991,0.3469,0.3303,0.3228,0 - 0,0.163
IR Iran,Portugal,0.794,1.213,0.236,0.3249,0.4391,0 - 0,0.1664
IR Iran,Congo DR,1.067,1.022,0.3483,0.325,0.3267,0 - 0,0.1558
IR Iran,Uzbekistan,1.126,0.895,0.3916,0.3292,0.2792,0 - 0,0.1646
IR Iran,Colombia,0.902,1.125,0.2816,0.3287,0.3898,0 - 0,0.1637
IR Iran,England,0.796,1.254,0.2306,0.3194,0.4501,0 - 0,0.1607
IR Iran,Croatia,0.904,1.064,0.2927,0.3356,0.3717,0 - 0,0.1716
IR Iran,Ghana,1.032,1.016,0.3394,0.329,0.3316,0 - 0,0.1611
IR Iran,Panama,0.97,0.985,0.3271,0.3381,0.3348,0 - 0,0.1734
New Zealand,Spain,0.642,1.467,0.161,0.2945,0.5445,0 - 1,0.1627
New Zealand,Cabo Verde,0.945,1.043,0.3089,0.3343,0.3568,0 - 0,0.1688
New Zealand,Saudi Arabia,0.883,1.157,0.2707,0.3264,0.4029,0 - 0,0.1621
New Zealand,Uruguay,0.802,1.246,0.2334,0.3202,0.4464,0 - 0,0.1611
New Zealand,France,0.681,1.47,0.171,0.2939,0.5352,0 - 1,0.1561
New Zealand,Senegal,0.8,1.364,0.2161,0.3053,0.4786,0 - 0,0.147
New Zealand,Iraq,0.891,1.158,0.2727,0.3256,0.4016,0 - 0,0.1608
New Zealand,Norway,0.83,1.317,0.231,0.31,0.459,0 - 0,0.149
New Zealand,Argentina,0.693,1.427,0.1792,0.2997,0.5212,0 - 1,0.1559
New Zealand,Algeria,0.853,1.231,0.2502,0.3193,0.4305,0 - 0,0.1564
New Zealand,Austria,0.808,1.175,0.2458,0.3289,0.4253,0 - 0,0.1695
New Zealand,Jordan,0.894,1.146,0.2756,0.3268,0.3976,0 - 0,0.162
New Zealand,Portugal,0.682,1.402,0.179,0.3032,0.5178,0 - 1,0.1587
New Zealand,Congo DR,0.916,1.182,0.2761,0.3212,0.4027,0 - 0,0.1548
New Zealand,Uzbekistan,0.967,1.034,0.3168,0.3333,0.3499,0 - 0,0.1671
New Zealand,Colombia,0.774,1.301,0.2177,0.3143,0.468,0 - 0,0.1576
New Zealand,England,0.684,1.45,0.174,0.2965,0.5295,0 - 1,0.1564
New Zealand,Croatia,0.776,1.23,0.2282,0.3235,0.4483,0 - 0,0.1665
New Zealand,Ghana,0.886,1.174,0.2686,0.3241,0.4074,0 - 0,0.1595
New Zealand,Panama,0.832,1.139,0.2588,0.332,0.4092,0 - 0,0.1711
Spain,Cabo Verde,1.36,0.656,0.5132,0.3097,0.1771,0 - 0,0.1653
Spain,Saudi Arabia,1.27,0.728,0.471,0.3203,0.2087,0 - 0,0.1677
Spain,Uruguay,1.154,0.784,0.4247,0.3333,0.242,0 - 0,0.1759
Spain,France,0.98,0.925,0.3421,0.3431,0.3147,0 - 0,0.1805
Spain,Senegal,1.151,0.858,0.4069,0.3288,0.2643,0 - 0,0.1661
Spain,Iraq,1.282,0.729,0.474,0.3186,0.2074,0 - 0,0.166
Spain,Norway,1.194,0.828,0.4259,0.3253,0.2488,0 - 0,0.1643
Spain,Argentina,0.997,0.897,0.353,0.3439,0.3031,0 - 0,0.182
Spain,Algeria,1.228,0.774,0.4479,0.3239,0.2282,0 - 0,0.167
Spain,Austria,1.162,0.739,0.4376,0.3348,0.2276,0 - 0,0.1811
Spain,Jordan,1.286,0.721,0.4769,0.3184,0.2047,0 - 0,0.1664
Spain,Portugal,0.98,0.882,0.3512,0.3473,0.3015,0 - 0,0.1868
Spain,Congo DR,1.318,0.743,0.4802,0.3131,0.2067,0 - 0,0.1594
Spain,Uzbekistan,1.39,0.651,0.5227,0.3053,0.172,1 - 0,0.1643
Spain,Colombia,1.114,0.818,0.4052,0.3361,0.2587,0 - 0,0.1766
Spain,England,0.984,0.912,0.3459,0.3439,0.3102,0 - 0,0.1818
Spain,Croatia,1.116,0.774,0.416,0.339,0.245,0 - 0,0.1827
Spain,Ghana,1.274,0.739,0.4694,0.3193,0.2113,0 - 0,0.1656
Spain,Panama,1.198,0.717,0.4534,0.331,0.2156,0 - 0,0.1792
Cabo Verde,Saudi Arabia,0.903,1.072,0.2911,0.3347,0.3742,0 - 0,0.1707
Cabo Verde,Uruguay,0.82,1.155,0.2527,0.3308,0.4164,0 - 0,0.1707
Cabo Verde,France,0.696,1.363,0.1879,0.3084,0.5037,0 - 0,0.1597
Cabo Verde,Senegal,0.818,1.264,0.2353,0.3171,0.4476,0 - 0,0.1568
Cabo Verde,Iraq,0.911,1.073,0.2933,0.3339,0.3729,0 - 0,0.1693
Cabo Verde,Norway,0.849,1.22,0.2507,0.3209,0.4285,0 - 0,0.1584
Cabo Verde,Argentina,0.709,1.322,0.1964,0.3137,0.4899,0 - 0,0.1633
Cabo Verde,Algeria,0.873,1.141,0.2703,0.329,0.4007,0 - 0,0.1655
Cabo Verde,Austria,0.826,1.089,0.2652,0.3388,0.3961,0 - 0,0.179
Cabo Verde,Jordan,0.914,1.062,0.2961,0.3349,0.369,0 - 0,0.1704
Cabo Verde,Portugal,0.697,1.3,0.196,0.3173,0.4867,0 - 0,0.1678
Cabo Verde,Congo DR,0.937,1.095,0.2969,0.3293,0.3737,0 - 0,0.163
Cabo Verde,Uzbekistan,0.988,0.959,0.338,0.3388,0.3232,0 - 0,0.1745
Cabo Verde,Colombia,0.792,1.206,0.2365,0.3259,0.4376,0 - 0,0.1676
Cabo Verde,England,0.699,1.344,0.191,0.3109,0.4981,0 - 0,0.1617
Cabo Verde,Croatia,0.793,1.14,0.2471,0.3345,0.4185,0 - 0,0.1764
Cabo Verde,Ghana,0.906,1.088,0.289,0.3326,0.3784,0 - 0,0.168
Cabo Verde,Panama,0.851,1.056,0.2785,0.341,0.3805,0 - 0,0.1802
Saudi Arabia,Uruguay,0.91,1.078,0.2919,0.3334,0.3746,0 - 0,0.1689
Saudi Arabia,France,0.772,1.273,0.221,0.3181,0.4609,0 - 0,0.1615
Saudi Arabia,Senegal,0.907,1.181,0.2737,0.3219,0.4043,0 - 0,0.156
Saudi Arabia,Iraq,1.01,1.003,0.3357,0.3323,0.332,0 - 0,0.1655
Saudi Arabia,Norway,0.941,1.14,0.2904,0.3241,0.3855,0 - 0,0.1568
Saudi Arabia,Argentina,0.786,1.235,0.2304,0.3224,0.4472,0 - 0,0.1646
Saudi Arabia,Algeria,0.968,1.066,0.3113,0.3299,0.3588,0 - 0,0.1628
Saudi Arabia,Austria,0.916,1.017,0.305,0.3398,0.3553,0 - 0,0.1764
Saudi Arabia,Jordan,1.014,0.992,0.3387,0.333,0.3283,0 - 0,0.1665
Saudi Arabia,Portugal,0.773,1.214,0.2298,0.3259,0.4444,0 - 0,0.1691
Saudi Arabia,Congo DR,1.039,1.023,0.3401,0.3276,0.3323,0 - 0,0.1592
Saudi Arabia,Uzbekistan,1.096,0.895,0.3828,0.3325,0.2846,0 - 0,0.1684
Saudi Arabia,Colombia,0.878,1.126,0.2744,0.3303,0.3952,0 - 0,0.1667
Saudi Arabia,England,0.775,1.256,0.2244,0.3202,0.4554,0 - 0,0.1632
Saudi Arabia,Croatia,0.88,1.065,0.2855,0.3375,0.3771,0 - 0,0.1748
Saudi Arabia,Ghana,1.004,1.017,0.3313,0.3315,0.3372,0 - 0,0.1644
Saudi Arabia,Panama,0.944,0.986,0.3193,0.3405,0.3402,0 - 0,0.1769
Uruguay,France,0.832,1.156,0.2558,0.3299,0.4143,0 - 0,0.1689
Uruguay,Senegal,0.977,1.073,0.3128,0.3284,0.3589,0 - 0,0.1607
Uruguay,Iraq,1.088,0.911,0.3772,0.3322,0.2906,0 - 0,0.1673
Uruguay,Norway,1.014,1.035,0.3304,0.3288,0.3408,0 - 0,0.1608
Uruguay,Argentina,0.846,1.122,0.2657,0.3331,0.4011,0 - 0,0.1715
Uruguay,Algeria,1.042,0.968,0.3519,0.3323,0.3158,0 - 0,0.1658
Uruguay,Austria,0.987,0.924,0.3444,0.3424,0.3132,0 - 0,0.1796
Uruguay,Jordan,1.092,0.901,0.3802,0.3326,0.2872,0 - 0,0.1682
Uruguay,Portugal,0.832,1.103,0.2648,0.3366,0.3986,0 - 0,0.1762
Uruguay,Congo DR,1.119,0.929,0.3822,0.3273,0.2906,0 - 0,0.1609
Uruguay,Uzbekistan,1.181,0.813,0.4255,0.3279,0.2466,0 - 0,0.1681
Uruguay,Colombia,0.946,1.023,0.3128,0.3364,0.3508,0 - 0,0.1714
Uruguay,England,0.835,1.141,0.2594,0.3316,0.409,0 - 0,0.1705
Uruguay,Croatia,0.948,0.968,0.324,0.3422,0.3339,0 - 0,0.179
Uruguay,Ghana,1.082,0.924,0.3727,0.3319,0.2954,0 - 0,0.1665
Uruguay,Panama,1.017,0.896,0.3593,0.3417,0.299,0 - 0,0.1794
France,Senegal,1.153,0.911,0.3959,0.3248,0.2792,0 - 0,0.159
France,Iraq,1.284,0.773,0.4638,0.3165,0.2197,0 - 0,0.1598
France,Norway,1.197,0.879,0.4151,0.3219,0.263,0 - 0,0.1575
France,Argentina,0.999,0.952,0.3423,0.3383,0.3194,0 - 0,0.1739
France,Algeria,1.23,0.822,0.4374,0.3211,0.2414,0 - 0,0.1605
France,Austria,1.165,0.785,0.4276,0.3318,0.2407,0 - 0,0.1742
France,Jordan,1.288,0.765,0.4669,0.3163,0.2169,0 - 0,0.1603
France,Portugal,0.982,0.936,0.3407,0.3417,0.3176,0 - 0,0.1785
France,Congo DR,1.321,0.789,0.4699,0.3111,0.219,0 - 0,0.1534
France,Uzbekistan,1.393,0.691,0.5132,0.3043,0.1825,1 - 0,0.1576
France,Colombia,1.116,0.869,0.3946,0.3322,0.2732,0 - 0,0.1693
France,England,0.986,0.968,0.3352,0.3381,0.3266,0 - 0,0.1735
France,Croatia,1.118,0.821,0.4057,0.3354,0.2589,0 - 0,0.1755
France,Ghana,1.277,0.784,0.4592,0.317,0.2238,0 - 0,0.1594
France,Panama,1.2,0.761,0.4434,0.3284,0.2282,0 - 0,0.1727
Senegal,Iraq,1.191,0.909,0.4071,0.3206,0.2723,0 - 0,0.1545
Senegal,Norway,1.11,1.033,0.3583,0.32,0.3217,0 - 0,0.1494
Senegal,Argentina,0.927,1.119,0.2897,0.3275,0.3828,0 - 0,0.1613
Senegal,Algeria,1.141,0.966,0.3807,0.3221,0.2971,0 - 0,0.1537
Senegal,Austria,1.08,0.922,0.3725,0.3322,0.2952,0 - 0,0.167
Senegal,Jordan,1.195,0.899,0.4102,0.3208,0.269,0 - 0,0.1552
Senegal,Portugal,0.911,1.1,0.2886,0.3308,0.3805,0 - 0,0.1657
Senegal,Congo DR,1.225,0.927,0.4124,0.3157,0.272,0 - 0,0.1483
Senegal,Uzbekistan,1.292,0.811,0.457,0.3138,0.2292,0 - 0,0.1541
Senegal,Colombia,1.036,1.02,0.3396,0.3282,0.3323,0 - 0,0.1599
Senegal,England,0.914,1.138,0.283,0.3263,0.3907,0 - 0,0.1605
Senegal,Croatia,1.037,0.965,0.3511,0.3331,0.3158,0 - 0,0.1669
Senegal,Ghana,1.184,0.921,0.4024,0.3206,0.2771,0 - 0,0.1538
Senegal,Panama,1.113,0.894,0.3882,0.3307,0.2811,0 - 0,0.1664
Iraq,Norway,0.943,1.15,0.289,0.3229,0.3881,0 - 0,0.1554
Iraq,Argentina,0.787,1.246,0.229,0.3209,0.4501,0 - 0,0.1629
Iraq,Algeria,0.969,1.075,0.3099,0.3288,0.3613,0 - 0,0.1614
Iraq,Austria,0.917,1.027,0.3036,0.3386,0.3578,0 - 0,0.1749
Iraq,Jordan,1.015,1.001,0.3374,0.332,0.3307,0 - 0,0.1651
Iraq,Portugal,0.774,1.225,0.2284,0.3243,0.4472,0 - 0,0.1674
Iraq,Congo DR,1.041,1.032,0.3387,0.3266,0.3347,0 - 0,0.1578
Iraq,Uzbekistan,1.098,0.904,0.3815,0.3317,0.2868,0 - 0,0.1671
Iraq,Colombia,0.88,1.136,0.2731,0.329,0.3979,0 - 0,0.1651
Iraq,England,0.777,1.267,0.2231,0.3186,0.4583,0 - 0,0.1616
Iraq,Croatia,0.881,1.075,0.2841,0.3362,0.3797,0 - 0,0.1733
Iraq,Ghana,1.006,1.026,0.3299,0.3305,0.3396,0 - 0,0.163
Iraq,Panama,0.945,0.995,0.318,0.3394,0.3426,0 - 0,0.1754
Norway,Argentina,0.894,1.161,0.2733,0.3251,0.4017,0 - 0,0.16
Norway,Algeria,1.102,1.002,0.3621,0.3233,0.3146,0 - 0,0.1541
Norway,Austria,1.043,0.957,0.3544,0.3333,0.3123,0 - 0,0.1673
Norway,Jordan,1.154,0.933,0.3913,0.3232,0.2856,0 - 0,0.1561
Norway,Portugal,0.88,1.141,0.2723,0.3284,0.3992,0 - 0,0.1645
Norway,Congo DR,1.183,0.962,0.3932,0.318,0.2888,0 - 0,0.1492
Norway,Uzbekistan,1.248,0.842,0.4377,0.3179,0.2444,0 - 0,0.1558
Norway,Colombia,1.0,1.059,0.3219,0.3278,0.3504,0 - 0,0.1596
Norway,England,0.883,1.18,0.2667,0.3236,0.4097,0 - 0,0.1591
Norway,Croatia,1.001,1.001,0.3334,0.3333,0.3333,0 - 0,0.1669
Norway,Ghana,1.143,0.956,0.3835,0.3226,0.2939,0 - 0,0.1546
Norway,Panama,1.075,0.927,0.3698,0.3324,0.2978,0 - 0,0.167
Argentina,Algeria,1.194,0.836,0.4239,0.3249,0.2512,0 - 0,0.1633
Argentina,Austria,1.13,0.798,0.4143,0.3355,0.2502,0 - 0,0.1771
Argentina,Jordan,1.25,0.779,0.4531,0.3207,0.2261,0 - 0,0.1635
Argentina,Portugal,0.953,0.953,0.3286,0.3431,0.3283,0 - 0,0.1803
Argentina,Congo DR,1.282,0.803,0.456,0.3156,0.2284,0 - 0,0.1565
Argentina,Uzbekistan,1.352,0.703,0.4993,0.3097,0.1909,0 - 0,0.1603
Argentina,Colombia,1.083,0.884,0.3816,0.335,0.2834,0 - 0,0.1717
Argentina,England,0.957,0.985,0.3232,0.3394,0.3375,0 - 0,0.1752
Argentina,Croatia,1.085,0.836,0.3927,0.3385,0.2688,0 - 0,0.1782
Argentina,Ghana,1.239,0.798,0.4455,0.3213,0.2332,0 - 0,0.1625
Argentina,Panama,1.164,0.774,0.4301,0.3324,0.2375,0 - 0,0.1758
Algeria,Austria,0.975,0.983,0.3291,0.3377,0.3332,0 - 0,0.1729
Algeria,Jordan,1.079,0.959,0.3644,0.3293,0.3064,0 - 0,0.1623
Algeria,Portugal,0.823,1.173,0.2505,0.3283,0.4212,0 - 0,0.1678
Algeria,Congo DR,1.106,0.989,0.366,0.324,0.31,0 - 0,0.1551
Algeria,Uzbekistan,1.167,0.865,0.4097,0.3264,0.264,0 - 0,0.163
Algeria,Colombia,0.935,1.088,0.2975,0.3302,0.3722,0 - 0,0.1642
Algeria,England,0.825,1.214,0.245,0.323,0.432,0 - 0,0.1622
Algeria,Croatia,0.936,1.029,0.3088,0.3366,0.3546,0 - 0,0.1719
Algeria,Ghana,1.069,0.983,0.3568,0.3282,0.315,0 - 0,0.1605
Algeria,Panama,1.005,0.953,0.344,0.3377,0.3184,0 - 0,0.173
Austria,Jordan,1.03,0.908,0.3607,0.3391,0.3002,0 - 0,0.1758
Austria,Portugal,0.785,1.111,0.2494,0.3389,0.4117,0 - 0,0.1818
Austria,Congo DR,1.056,0.936,0.3625,0.3337,0.3038,0 - 0,0.1683
Austria,Uzbekistan,1.114,0.819,0.4049,0.3361,0.259,0 - 0,0.1765
Austria,Colombia,0.892,1.03,0.2955,0.3404,0.3641,0 - 0,0.1779
Austria,England,0.788,1.149,0.2441,0.3337,0.4222,0 - 0,0.1759
Austria,Croatia,0.894,0.974,0.3063,0.3468,0.3469,0 - 0,0.1859
Austria,Ghana,1.021,0.93,0.3533,0.3381,0.3086,0 - 0,0.1739
Austria,Panama,0.959,0.902,0.3406,0.3477,0.3117,0 - 0,0.1869
Jordan,Portugal,0.766,1.229,0.2256,0.3242,0.4502,0 - 0,0.168
Jordan,Congo DR,1.03,1.036,0.3349,0.3273,0.3378,0 - 0,0.1588
Jordan,Uzbekistan,1.086,0.906,0.3776,0.3328,0.2896,0 - 0,0.1682
Jordan,Colombia,0.87,1.14,0.2698,0.3292,0.401,0 - 0,0.1659
Jordan,England,0.769,1.271,0.2202,0.3184,0.4613,0 - 0,0.1621
Jordan,Croatia,0.872,1.078,0.2808,0.3365,0.3827,0 - 0,0.1741
Jordan,Ghana,0.995,1.029,0.3262,0.3311,0.3426,0 - 0,0.164
Jordan,Panama,0.936,0.998,0.3144,0.34,0.3455,0 - 0,0.1763
Portugal,Congo DR,1.26,0.79,0.4531,0.319,0.2279,0 - 0,0.1609
Portugal,Uzbekistan,1.329,0.691,0.4961,0.3133,0.1907,0 - 0,0.1647
Portugal,Colombia,1.065,0.869,0.3793,0.3384,0.2824,0 - 0,0.1763
Portugal,England,0.94,0.969,0.3214,0.3427,0.3359,0 - 0,0.1798
Portugal,Croatia,1.067,0.822,0.3903,0.342,0.2678,0 - 0,0.1829
Portugal,Ghana,1.218,0.785,0.4427,0.3247,0.2326,0 - 0,0.167
Portugal,Panama,1.145,0.761,0.4273,0.3359,0.2368,0 - 0,0.1804
Congo DR,Uzbekistan,1.12,0.929,0.3825,0.3272,0.2903,0 - 0,0.1608
Congo DR,Colombia,0.897,1.169,0.2729,0.324,0.4032,0 - 0,0.1587
Congo DR,England,0.792,1.303,0.2224,0.3133,0.4643,0 - 0,0.1551
Congo DR,Croatia,0.899,1.105,0.2841,0.3312,0.3847,0 - 0,0.1667
Congo DR,Ghana,1.026,1.055,0.3302,0.3258,0.344,0 - 0,0.1568
Congo DR,Panama,0.965,1.023,0.3183,0.3346,0.3471,0 - 0,0.1689
Uzbekistan,Colombia,0.785,1.233,0.2306,0.3227,0.4467,0 - 0,0.1649
Uzbekistan,England,0.694,1.375,0.1856,0.3068,0.5076,0 - 0,0.1586
Uzbekistan,Croatia,0.787,1.166,0.2411,0.3315,0.4275,0 - 0,0.1737
Uzbekistan,Ghana,0.898,1.113,0.2825,0.3304,0.3871,0 - 0,0.1658
Uzbekistan,Panama,0.844,1.08,0.2723,0.3386,0.3892,0 - 0,0.1778
Colombia,England,0.872,1.101,0.2769,0.3337,0.3894,0 - 0,0.1708
Colombia,Croatia,0.99,0.934,0.3432,0.3411,0.3156,0 - 0,0.1778
Colombia,Ghana,1.13,0.892,0.3933,0.3289,0.2778,0 - 0,0.1644
Colombia,Panama,1.062,0.865,0.3794,0.3391,0.2816,0 - 0,0.1773
England,Croatia,1.103,0.825,0.4005,0.3371,0.2624,0 - 0,0.1772
England,Ghana,1.26,0.787,0.4537,0.3191,0.2272,0 - 0,0.1612
England,Panama,1.184,0.764,0.438,0.3304,0.2316,0 - 0,0.1745
Croatia,Ghana,1.068,0.893,0.3752,0.3359,0.2889,0 - 0,0.1724
Croatia,Panama,1.004,0.866,0.3617,0.3459,0.2924,0 - 0,0.1855
Ghana,Panama,0.959,0.989,0.323,0.3388,0.3382,0 - 0,0.1744
